bedrooms,bathrooms,square_footage,address,price
1,1,800,"1000 N Lake Shore Drive , 1604 Chicago, IL 60611",222500.0
1,1,900,"6960 N Bell Avenue , 407 Chicago, IL 60645",195000.0
2,2,1700,"7033 N Kedzie Avenue , 1706 Chicago, IL 60645",195000.0
2,2,2391,"11402 S Calumet Avenue Chicago, IL 60628",224900.0
4,2,2800,"1515 E 85th Street Chicago, IL 60619",289900.0
2,1,850,"5457 W Edmunds Street 1A Chicago, IL 60630",209000.0
3,2,1639,"2639 N Sheffield Avenue 2 Chicago, IL 60614",750000.0
3,2,2350,"1448 W Chestnut Street 3 Chicago, IL 60642",874900.0
4,2,1078,"5341 S Aberdeen Street Chicago, IL 60609",204900.0
2,3,1885,"2132 W Evergreen Avenue 1D Chicago, IL 60622",579000.0
2,2,1327,"1550 N Lake Shore Drive 2A Chicago, IL 60610",535000.0
2,2,1400,"3522 N Fremont Street 2 Chicago, IL 60657",574900.0
2,2,1380,"520 W HURON Street 220 Chicago, IL 60654",539000.0
3,1,1024,"13815 S TRACY Avenue Riverdale, IL 60827",179900.0
3,2,2345,"727 S Dearborn Street 911 Chicago, IL 60605",725000.0
2,1,1187,"899 S Plymouth Court 1103 Chicago, IL 60605",299000.0
4,3,2407,"5605 S NORDICA Avenue Chicago, IL 60638",649000.0
3,3,2200,"2729 N Sheffield Avenue 1S Chicago, IL 60614",825000.0
1,1,900,"3706 N Lakewood Avenue 2N Chicago, IL 60613",299000.0
2,1,1150,"6060 N RIDGE Avenue 4E Chicago, IL 60660",250000.0
3,2,2200,"1825 N Winnebago Avenue 101 Chicago, IL 60647",650000.0
2,2,1205,"1819 S Michigan Avenue 406 Chicago, IL 60616",349900.0
2,1,900,"7321 W Fullerton Avenue 10 Elmwood Park, IL 60707",178900.0
4,3,1902,"5029 W Superior Street Chicago, IL 60644",392000.0
3,2,1880,"33 W ONTARIO Street 51B Chicago, IL 60654",765000.0
2,2,1200,"1322 S Prairie Avenue 406 Chicago, IL 60605",538900.0
3,2,1200,"3721 W Ferdinand Street Chicago, IL 60624",292000.0
1,2,2230,"1040 N Lake Shore Drive 26B Chicago, IL 60611",1045000.0
3,3,2200,"2047 N Leavitt Street 2N Chicago, IL 60647",949500.0
4,3,3160,"5426 N Bernard Street Chicago, IL 60625",819900.0
4,3,3100,"3349 N Paris Avenue Chicago, IL 60634",719000.0
2,2,1520,"1122 N Dearborn Street 10A Chicago, IL 60610",690000.0
3,2,1500,"3037 W Belmont Avenue 2W Chicago, IL 60618",569900.0
3,3,2400,"6825 W 64th Place Chicago, IL 60638",525000.0
2,2,1625,"910 S MICHIGAN Avenue 1411 Chicago, IL 60605",499000.0
2,2,1450,"1212 N Wells Street 1405 Chicago, IL 60610",485000.0
4,3,2075,"3529 S 54th Avenue Cicero, IL 60804",474500.0
2,2,1107,"3708 N Oketo Avenue Chicago, IL 60634",400000.0
3,2,1700,"4637 N Drake Avenue 3 Chicago, IL 60625",400000.0
1,1,625,"234 W Polk Street 2811 Chicago, IL 60607",399900.0
2,1,1000,"535 W Eugenie Street 1 Chicago, IL 60614",379000.0
3,2,1900,"2231 W Maypole Avenue 201 Chicago, IL 60612",368000.0
2,1,1076,"6359 W 63rd Place Chicago, IL 60638",350000.0
3,1,1200,"2118 W North Avenue BS Chicago, IL 60647",349900.0
2,1,1350,"801 S Wells Street 303 Chicago, IL 60607",325000.0
2,2,1160,"3630 N Harlem Avenue 407 Chicago, IL 60634",310000.0
5,2,1994,"11125 S Fairfield Avenue Chicago, IL 60655",299900.0
2,1,1040,"6709 W 59th Street Chicago, IL 60638",285000.0
4,2,966,"10141 S Wallace Street Chicago, IL 60628",219900.0
3,2,1008,"7628 S Maryland Avenue 1 Chicago, IL 60619",199873.0
2,1,1100,"6568 W Roscoe Street 2N Chicago, IL 60634",195000.0
4,1,1253,"12416 S Carpenter Street Calumet Park, IL 60827",149900.0
4,2,1620,"7240 S Lafayette Avenue Chicago, IL 60621",114900.0
1,1,1000,"5337 S Ellis Avenue 1C Chicago, IL 60615",105000.0
2,2,800,"4906 W Gladys Avenue Chicago, IL 60644",95000.0
2,1,950,"8026 S Michigan Avenue 2A Chicago, IL 60619",59900.0
2,1,1800,"7232 S Green Street Chicago, IL 60621",25000.0
3,2,3300,"909 W Village Court Chicago, IL 60608",925000.0
2,2,1700,"1215 W Gunnison Street 202 Chicago, IL 60640",499999.0
2,2,1225,"330 W GRAND Avenue 2106 Chicago, IL 60654",435000.0
2,1,1331,"900 W AINSLIE Street A Chicago, IL 60640",399000.0
3,3,1800,"1636 N 75th Avenue Elmwood Park, IL 60707",384900.0
1,1,905,"843 W Adams Street 402 Chicago, IL 60607",350000.0
2,2,924,"5608 S Spaulding Avenue Chicago, IL 60629",290000.0
2,1,850,"5655 N Spaulding Avenue 2W Chicago, IL 60659",189900.0
2,2,893,"1450 E 55th Place 930S Chicago, IL 60637",179000.0
4,1,1236,"120 W 107th Street Chicago, IL 60628",60000.0
3,2,1600,"310 S MICHIGAN Avenue 702 Chicago, IL 60604",615000.0
4,3,3810,"940 N Karlov Avenue Chicago, IL 60651",599900.0
4,1,2182,"9606 S VANDERPOEL Avenue Chicago, IL 60643",445000.0
4,3,1480,"5930 W School Street Chicago, IL 60634",369900.0
3,2,1875,"615 E 101st Place Chicago, IL 60628",319000.0
3,2,2200,"7701 S Chappel Avenue Chicago, IL 60649",314900.0
1,1,869,"8 E Randolph Street 3007 Chicago, IL 60601",290000.0
3,1,1319,"8007 S Avalon Avenue Chicago, IL 60619",215000.0
1,1,800,"6171 N Sheridan Road 2202 Chicago, IL 60660",180000.0
1,1,900,"4250 N Marine Drive 1104 Chicago, IL 60613",167000.0
4,1,1400,"7719 S Cregier Avenue Chicago, IL 60649",149900.0
3,3,2946,"5733 S Neenah Avenue Chicago, IL 60638",725000.0
4,3,3900,"4336 N Troy Street Chicago, IL 60618",985000.0
4,4,3720,"3305 S Racine Avenue Chicago, IL 60608",874900.0
2,2,1201,"211 N Harbor Drive 1601 Chicago, IL 60601",850000.0
3,2,1800,"849 N Franklin Street 618 Chicago, IL 60610",849000.0
3,2,2000,"1410 N State Parkway 17B Chicago, IL 60610",829000.0
3,2,2200,"1718 W LE MOYNE Street 1 Chicago, IL 60622",825000.0
4,4,3168,"7515 W Roscoe Street Chicago, IL 60634",799900.0
2,2,1700,"1347 W Washington Boulevard 2D Chicago, IL 60607",650000.0
4,3,3534,"7229 W Lunt Avenue Chicago, IL 60631",650000.0
3,3,2800,"4914 S Washington Park Court Chicago, IL 60615",599999.0
3,2,1100,"5423 N Sawyer Avenue Chicago, IL 60625",594000.0
2,2,1450,"669 N Peoria Street 1N Chicago, IL 60642",519900.0
2,2,1300,"1217 N Greenview Avenue G Chicago, IL 60642",474900.0
5,3,3100,"7022 W 64th Street Chicago, IL 60638",459900.0
2,2,1391,"2332 W Huron Street 4 Chicago, IL 60612",450000.0
2,2,1710,"1600 N New England Avenue 4 Chicago, IL 60707",449000.0
3,1,1100,"7113 W Talcott Avenue Chicago, IL 60631",445000.0
4,3,2204,"5502 S HYDE PARK Boulevard 2 Chicago, IL 60637",445000.0
3,2,1402,"5010 N Merrimac Avenue Chicago, IL 60630",414900.0
3,3,1190,"9156 S Sawyer Avenue Evergreen Park, IL 60805",399000.0
2,2,1210,"1841 S Calumet Avenue 1302 Chicago, IL 60616",399000.0
3,2,1577,"2827 N 77th Court Elmwood Park, IL 60707",374000.0
2,2,1339,"5360 N Lowell Avenue 502 Chicago, IL 60630",365000.0
3,2,998,"8015 S Kilbourn Avenue Chicago, IL 60652",349900.0
2,2,1250,"5415 N SHERIDAN Road 901 Chicago, IL 60640",349900.0
3,2,1901,"3781 W 76th Street Chicago, IL 60652",349900.0
2,1,1200,"4210 N Natchez Avenue 208 Chicago, IL 60634",340000.0
2,2,1040,"1444 W 49th Place Chicago, IL 60609",339000.0
3,1,1302,"7155 W 71st Street Chicago, IL 60638",329900.0
4,5,2100,"7130 S Morgan Street Chicago, IL 60621",329900.0
3,2,2248,"8812 S Euclid Avenue Chicago, IL 60617",324900.0
4,2,2094,"12136 S Wentworth Avenue Chicago, IL 60628",319000.0
1,1,770,"880 N Lake Shore Drive 19A Chicago, IL 60611",315000.0
2,1,1700,"5555 S Everett Avenue C14 Chicago, IL 60637",309999.0
2,2,1200,"9240 S Aberdeen Street Chicago, IL 60620",289900.0
3,1,1040,"4506 W 77th Place Chicago, IL 60652",279900.0
1,1,840,"3550 N Lake Shore Drive 224 Chicago, IL 60657",279000.0
3,2,1700,"5017 S Prairie Avenue 2N Chicago, IL 60615",275000.0
2,1,1100,"4030 N MOZART Street 3N Chicago, IL 60618",274500.0
3,2,1048,"7709 S Champlain Avenue Chicago, IL 60619",259999.0
2,1,1028,"1527 W Chase Avenue 3A Chicago, IL 60626",229900.0
1,1,866,"500 S Clinton Street 527 Chicago, IL 60607",219900.0
1,1,900,"4250 N Marine Drive 510 Chicago, IL 60613",217500.0
4,2,2122,"12025 S Harvard Avenue Chicago, IL 60628",190000.0
2,2,1000,"4351 S Forrestville Avenue G Chicago, IL 60653",185000.0
3,2,1477,"47 W 124th Street Chicago, IL 60628",174900.0
5,1,1298,"10742 S Prairie Avenue Chicago, IL 60628",164900.0
5,2,1148,"7017 S Hermitage Avenue Chicago, IL 60636",149999.0
1,1,600,"4970 N Marine Drive 822 Chicago, IL 60640",149900.0
3,2,1188,"8848 S Jeffery Avenue Chicago, IL 60617",124900.0
5,1,2600,"6548 S Normal Boulevard Chicago, IL 60621",105000.0
3,2,1217,"9028 S Carpenter Street Chicago, IL 60620",95500.0
3,2,1700,"2105 N 73rd Avenue Elmwood Park, IL 60707",369000.0
1,1,725,"1464 S Michigan Avenue , 1108 Chicago, IL 60605",255000.0
3,2,1614,"1548 W Ardmore Avenue 4D Chicago, IL 60660",899000.0
3,2,2562,"2559 N Saint Louis Avenue Chicago, IL 60647",895000.0
4,3,2574,"2432 W Ohio Street Chicago, IL 60612",799000.0
3,3,2136,"3245 S Aberdeen Street Chicago, IL 60608",750000.0
5,3,4801,"4450 S Prairie Avenue Chicago, IL 60653",714777.0
2,2,1558,"3321 N SHEFFIELD Avenue 4 Chicago, IL 60657",675000.0
3,2,1600,"2132 N Bell Avenue Chicago, IL 60647",675000.0
3,2,1696,"2707 W BELMONT Avenue 4W Chicago, IL 60618",650000.0
2,2,1750,"1632 W ERIE Street 3 Chicago, IL 60622",649000.0
3,3,2244,"4110 N CALIFORNIA Avenue 1 Chicago, IL 60618",649000.0
2,2,1504,"1307 W George Street O Chicago, IL 60657",629900.0
2,2,1400,"1723 W North Avenue 4 Chicago, IL 60622",615000.0
2,2,1680,"818 W Aldine Avenue 3 Chicago, IL 60657",615000.0
2,2,1399,"1346 W Sunnyside Avenue 2A Chicago, IL 60640",575000.0
2,2,1250,"1301 W Washington Boulevard 509 Chicago, IL 60607",550000.0
2,2,1400,"1723 W North Avenue 2 Chicago, IL 60622",549900.0
2,2,1250,"1100 W Montrose Avenue 207 Chicago, IL 60613",505000.0
2,2,1300,"1444 N ORLEANS Street 6C Chicago, IL 60610",449500.0
4,2,2000,"2111 N 75th Court Elmwood Park, IL 60707",430000.0
4,2,976,"4624 W Montana Street Chicago, IL 60639",429900.0
2,2,1350,"1503 S State Street 606 Chicago, IL 60605",425000.0
2,3,2400,"5639 W Cornelia Avenue Chicago, IL 60634",425000.0
2,2,1400,"110 E Delaware Place 701 Chicago, IL 60611",424500.0
3,2,1050,"4534 N Narragansett Avenue Harwood Heights, IL 60706",412000.0
3,2,1198,"5518 S Melvina Avenue Chicago, IL 60638",400000.0
2,2,1260,"1250 S Michigan Avenue 1110 Chicago, IL 60605",399999.0
2,1,1100,"330 W Grand Avenue 904 Chicago, IL 60654",399900.0
5,2,1302,"3128 N 76th Avenue Elmwood Park, IL 60707",389000.0
4,2,1700,"431 S Dearborn Street 1303 Chicago, IL 60605",389000.0
2,2,1700,"940 W Glenlake Avenue 24C Chicago, IL 60660",385000.0
3,2,2107,"9046 S Racine Avenue Chicago, IL 60620",385000.0
3,1,984,"5705 W 57th Place Chicago, IL 60638",359900.0
2,2,1200,"5455 N SHERIDAN Road 1802 Chicago, IL 60640",349900.0
3,1,1056,"3750 N Octavia Avenue Chicago, IL 60634",329900.0
2,2,1350,"1639 W Farwell Avenue 1 Chicago, IL 60626",325000.0
3,1,1440,"2122 N Lorel Avenue Chicago, IL 60639",325000.0
1,1,800,"653 N Kingsbury Street 1006 Chicago, IL 60654",324999.0
3,2,1400,"3302 W Crystal Street 3 Chicago, IL 60651",324900.0
3,2,1163,"8611 S Knox Avenue Chicago, IL 60652",314900.0
2,1,1000,"2540 N Sacramento Avenue 1 Chicago, IL 60647",300000.0
3,1,1140,"8825 S Richmond Avenue Evergreen Park, IL 60805",300000.0
4,2,1700,"7535 S Aberdeen Street Chicago, IL 60620",299900.0
3,2,1500,"6123 S Kimbark Avenue 2N Chicago, IL 60637",299000.0
3,2,2350,"12837 S Aberdeen Street Calumet Park, IL 60827",274900.0
4,1,2000,"8107 S Princeton Avenue Chicago, IL 60620",260000.0
3,2,1267,"5942 S Emerald Avenue Chicago, IL 60621",259900.0
4,2,2060,"626 E 90th Street Chicago, IL 60619",249900.0
4,1,1200,"9433 S Burnside Avenue Chicago, IL 60619",235000.0
2,2,1100,"7616 W Lawrence Avenue 3A Harwood Heights, IL 60706",233000.0
1,1,800,"3110 N Sheridan Road 801 Chicago, IL 60657",225000.0
2,2,1259,"1601 N 76th Court 307 Elmwood Park, IL 60707",219900.0
4,2,1400,"1329 E 89th Place Chicago, IL 60619",219900.0
3,1,950,"932 N Ridgeway Avenue Chicago, IL 60651",205000.0
2,1,1000,"6455 N Bell Avenue 2 Chicago, IL 60645",190000.0
3,1,1213,"4849 S Ada Street Chicago, IL 60609",175000.0
1,1,840,"5455 N Sheridan Road 1008 Chicago, IL 60640",164900.0
2,1,1000,"7337 S South shore Drive 1107 Chicago, IL 60649",85000.0
2,2,929,"6035 S Archer Avenue , 2S Chicago, IL 60638",185000.0
1,1,842,"6157 N sheridan Road 9J Chicago, IL 60660",179900.0
4,3,2015,"1415 W WALTON Street 3 Chicago, IL 60642",875000.0
2,2,1550,"200 E DELAWARE Place 35F Chicago, IL 60611",795000.0
3,3,1750,"1223 W Cottage Place Chicago, IL 60607",725000.0
3,3,2500,"3124 S Benson Street 6 Chicago, IL 60608",719900.0
3,2,2658,"3719 W SHAKESPEARE Avenue Chicago, IL 60647",705000.0
3,2,1600,"841 W Monroe Street 4A Chicago, IL 60607",699900.0
3,2,2200,"936 N Winchester Avenue 1 Chicago, IL 60622",685000.0
3,2,2000,"608 N DAMEN Avenue Chicago, IL 60622",674900.0
2,2,1600,"1501 W Diversey Parkway B Chicago, IL 60614",650000.0
2,2,1772,"1728 N Damen Avenue 215 Chicago, IL 60647",550000.0
2,2,1420,"2511 W Moffat Street 501 Chicago, IL 60647",549000.0
3,2,2321,"1408 N Artesian Avenue 1 Chicago, IL 60622",534900.0
2,2,1350,"2800 N Lake Shore Drive 1417 Chicago, IL 60657",529900.0
2,2,1700,"4660 N WINTHROP Avenue 1N Chicago, IL 60640",527000.0
2,2,1600,"4611 N MAGNOLIA Avenue 2 Chicago, IL 60640",525000.0
2,1,1034,"400 N LaSalle Street 2705 Chicago, IL 60610",485000.0
6,3,1997,"1428 N Central Avenue Chicago, IL 60651",474900.0
2,1,1453,"1740 N MARSHFIELD Street 6 Chicago, IL 60622",439000.0
2,2,1300,"405 N WABASH Avenue 4709 Chicago, IL 60611",435000.0
3,2,1056,"3219 N Pioneer Avenue Chicago, IL 60634",434900.0
2,2,1416,"1530 S State Street 14O Chicago, IL 60605",409000.0
1,1,860,"400 E Randolph Street 3225 Chicago, IL 60601",399900.0
2,2,1000,"3811 N Pioneer Avenue Chicago, IL 60634",399900.0
2,2,1250,"2626 N LAKEVIEW Avenue 2012 Chicago, IL 60614",399900.0
4,1,1600,"6211 N Harlem Avenue Chicago, IL 60631",399900.0
1,1,975,"737 W Washington Boulevard 1902 Chicago, IL 60661",399000.0
3,1,1107,"7320 N Oriole Avenue Chicago, IL 60631",375000.0
3,2,1800,"7944 S Whipple Street Chicago, IL 60652",375000.0
3,2,2093,"5135 W 113th Place Alsip, IL 60803",375000.0
4,2,2455,"4512 S Trumbull Avenue Chicago, IL 60632",369990.0
3,1,1656,"5943 S Parkside Avenue Chicago, IL 60638",360000.0
2,2,1519,"6033 N SHERIDAN Road 27C Chicago, IL 60660",348000.0
2,2,1450,"8560 W Foster Avenue 209 Norridge, IL 60706",332900.0
2,1,1250,"899 S Plymouth Court 1703 Chicago, IL 60605",329000.0
1,1,965,"512 N Mcclurg Court 705 Chicago, IL 60611",325000.0
2,2,1400,"5862 N Lincoln Avenue 3A Chicago, IL 60659",325000.0
3,1,1150,"1932 S 59TH Avenue Cicero, IL 60804",316000.0
2,1,980,"1620 S Michigan Avenue 424 Chicago, IL 60616",299999.0
2,1,1440,"2142 N Mobile Avenue Chicago, IL 60639",280000.0
1,1,900,"5656 S Dorchester Avenue B Chicago, IL 60637",275000.0
4,1,1496,"6409 S Champlain Avenue Chicago, IL 60637",269000.0
1,1,955,"1101 S State Street 1805 Chicago, IL 60605",265000.0
4,1,2220,"7649 S Michigan Avenue Chicago, IL 60619",249900.0
2,1,1335,"3401 N Overhill Avenue Chicago, IL 60634",249800.0
2,1,1000,"5332 N Delphia Avenue 108 Chicago, IL 60656",247000.0
1,1,745,"70 W Burton Place 1801 Chicago, IL 60610",245000.0
3,2,1000,"837 E 52ND Street 3 Chicago, IL 60615",215000.0
3,1,1300,"11642 S Loomis Street Chicago, IL 60643",211999.0
2,1,900,"1366 W Greenleaf Avenue 3N Chicago, IL 60626",210000.0
2,2,1350,"1791 W Howard Street 209 Chicago, IL 60626",210000.0
2,1,640,"3441 S Ashland Avenue Chicago, IL 60608",200000.0
3,1,889,"8325 W Forest Preserve Avenue Chicago, IL 60634",199900.0
2,2,1018,"10918 S Eberhart Avenue Chicago, IL 60628",190000.0
1,1,850,"2035 W Fargo Avenue 3 Chicago, IL 60645",176000.0
1,1,800,"4704 N Kasson Avenue 3 Chicago, IL 60630",175000.0
2,1,950,"6254 N RICHMOND Street 1 Chicago, IL 60659",159900.0
2,1,800,"2554 W Rosemont Avenue 3 Chicago, IL 60659",154900.0
2,1,700,"1450 E 55TH Place 927S Chicago, IL 60615",149900.0
2,1,1000,"947 E Hyde Park Boulevard G Chicago, IL 60615",109900.0
2,1,912,"9611 S Chappel Avenue Chicago, IL 60617",99500.0
4,1,1482,"5700 S Lowe Avenue Chicago, IL 60621",64900.0
3,2,2100,"100 E Huron Street 3501 Chicago, IL 60611",975000.0
5,2,4210,"1419 W Birchwood Avenue Chicago, IL 60626",890000.0
3,3,3600,"5141 W Dakin Street Chicago, IL 60641",815000.0
3,2,2000,"1410 N State Parkway 18B Chicago, IL 60610",765000.0
3,3,2400,"1039 N Monticello Avenue Chicago, IL 60651",624900.0
2,1,1108,"534 W Eugenie Street Chicago, IL 60614",575000.0
2,3,2200,"1505 N Talman Avenue 1 Chicago, IL 60622",525000.0
2,2,1200,"653 N KINGSBURY Street 1707 Chicago, IL 60654",500000.0
3,2,1300,"4259 N Ashland Avenue 2 Chicago, IL 60613",499900.0
5,4,3500,"5127 S Artesian Avenue Chicago, IL 60632",499900.0
2,2,1220,"175 E Delaware Place 6021 Chicago, IL 60611",485000.0
2,2,1400,"4623 N Beacon Street 3N Chicago, IL 60640",449900.0
5,2,2349,"2910 N 76TH Court Elmwood Park, IL 60707",399900.0
2,2,1151,"3200 N Lake Shore Drive 1910 Chicago, IL 60657",399000.0
5,1,1479,"5143 N Monitor Avenue Chicago, IL 60630",397000.0
3,2,1000,"7238 W Clarence Avenue Chicago, IL 60631",394900.0
5,3,3180,"8629 S Union Avenue Chicago, IL 60620",390000.0
4,2,1107,"5941 W Waveland Avenue Chicago, IL 60634",389900.0
2,2,1056,"4330 N Neva Avenue 411 Norridge, IL 60706",345000.0
2,1,1100,"811 S LYTLE Street 108 Chicago, IL 60607",329900.0
4,2,1688,"8207 S Laflin Street Chicago, IL 60620",325000.0
1,1,950,"2510 N Wayne Avenue 203 Chicago, IL 60614",320000.0
2,1,1100,"1339 N Dearborn Street 11H Chicago, IL 60610",299900.0
4,2,2094,"5241 W Adams Street Chicago, IL 60644",299900.0
3,1,1860,"7133 S Honore Street Chicago, IL 60636",289900.0
3,3,2100,"8317 S Constance Avenue Chicago, IL 60617",289500.0
2,2,1500,"7414 W Irving Park Road 206 Norridge, IL 60706",275000.0
1,1,800,"6135 N Broadway Street 303 Chicago, IL 60660",265000.0
3,2,2307,"10509 S Edbrooke Avenue Chicago, IL 60628",259000.0
5,2,2065,"250 W 119th Street Chicago, IL 60628",249900.0
4,2,1439,"7227 S Paulina Street Chicago, IL 60636",245000.0
2,2,1200,"6427 N DAMEN Avenue 1E Chicago, IL 60645",239000.0
2,1,900,"1620 W Columbia Avenue 3N Chicago, IL 60626",237500.0
2,2,1500,"6640 S Maryland Avenue 2 Chicago, IL 60637",235000.0
4,1,1502,"435 E 46th Place Chicago, IL 60653",235000.0
4,1,1502,"433 E 46th Place Chicago, IL 60653",235000.0
1,1,750,"780 S Federal Street 1006 Chicago, IL 60605",225000.0
2,1,900,"3950 N Lake Shore Drive 2209 Chicago, IL 60613",224900.0
3,2,1717,"32 W 109th Place Chicago, IL 60628",165000.0
3,1,2000,"14526 S Dearborn Street Riverdale, IL 60827",164999.0
3,1,1207,"9832 S Oglesby Avenue Chicago, IL 60617",149900.0
1,1,796,"4800 S Chicago Beach Drive 702S Chicago, IL 60615",145000.0
4,2,1594,"7618 S Drexel Avenue Chicago, IL 60619",140000.0
1,1,825,"3001 S Michigan Avenue 909 Chicago, IL 60616",130000.0
1,1,1314,"401 N Wabash Avenue , 39G Chicago, IL 60611",649000.0
2,2,1310,"3454 N Ashland Avenue , 4S Chicago, IL 60657",575000.0
3,2,1368,"2130 W Highland Avenue Chicago, IL 60659",479000.0
3,2,1200,"3639 W 69th Street Chicago, IL 60629",219900.0
1,1,900,"4250 N Marine Drive , 1404 Chicago, IL 60613",219000.0
3,2,1900,"1711 W DIVISION Street 303 Chicago, IL 60622",849500.0
3,2,1626,"1548 W Ardmore Avenue 2F Chicago, IL 60660",825000.0
6,2,2120,"2231 N Lawndale Avenue Chicago, IL 60647",825000.0
2,2,2058,"132 E Delaware Place 5504 Chicago, IL 60611",815000.0
4,2,3000,"680 N LAKE SHORE Drive 321 Chicago, IL 60611",799500.0
4,3,2904,"3019 W CORNELIA Avenue Chicago, IL 60618",789000.0
2,2,1644,"1128 W Wolfram Street 2 Chicago, IL 60657",640000.0
3,2,3150,"3401 W Beach Avenue Chicago, IL 60651",635000.0
2,2,1650,"1443 W Wrightwood Avenue B Chicago, IL 60614",625000.0
4,3,1963,"3306 W LeMoyne Street Chicago, IL 60651",615000.0
5,3,3000,"3324 N Nordica Avenue Chicago, IL 60634",569000.0
5,2,3248,"3328 W Warren Boulevard Chicago, IL 60624",550000.0
3,2,1900,"3252 N California Avenue 2 Chicago, IL 60618",549000.0
2,2,1330,"1322 S Prairie Avenue 1413 Chicago, IL 60605",525000.0
3,1,1650,"10447 S OAKLEY Avenue Chicago, IL 60643",525000.0
5,2,2100,"7851 W Cressett Drive Elmwood Park, IL 60707",499900.0
3,3,3400,"10215 S Charles Street Chicago, IL 60643",499900.0
2,1,1140,"150 W Superior Street 1103 Chicago, IL 60654",410000.0
3,2,2600,"3800 W 82nd Street Chicago, IL 60652",399999.0
2,2,1074,"1847 N Kedzie Avenue 1N Chicago, IL 60647",399900.0
3,3,1910,"5316 W MINT JULIP Drive Alsip, IL 60803",389900.0
1,1,783,"901 W Madison Street 1002 Chicago, IL 60607",375000.0
3,2,1195,"2946 W 102nd Street Evergreen Park, IL 60805",369900.0
2,1,1100,"2950 W Cortland Street 2 Chicago, IL 60647",350000.0
2,2,1400,"6829 N LAKEWOOD Avenue 3 Chicago, IL 60626",349900.0
3,2,2458,"2101 W 82nd Place Chicago, IL 60620",349900.0
3,2,939,"3609 S Leavitt Street Chicago, IL 60609",339900.0
3,2,1400,"2142 W Rosemont Avenue 1A Chicago, IL 60659",330000.0
2,2,1850,"5718 S Natoma Avenue Chicago, IL 60638",330000.0
1,1,925,"8 E Randolph Street 2702 Chicago, IL 60601",309990.0
2,2,1100,"801 S Plymouth Court 602 Chicago, IL 60605",309900.0
1,1,1000,"124 W Polk Street 603 Chicago, IL 60605",299918.0
2,2,1400,"2538 W Flournoy Street 3 Chicago, IL 60612",299000.0
1,1,900,"525 N Halsted Street 300 Chicago, IL 60642",295000.0
1,1,950,"4170 N Marine Drive 24G Chicago, IL 60613",295000.0
4,2,1900,"7606 S Luella Avenue Chicago, IL 60649",290000.0
3,2,2032,"10011 S Princeton Avenue Chicago, IL 60628",265000.0
2,2,1233,"3630 N Harlem Avenue 510 Chicago, IL 60634",260500.0
3,2,1206,"8521 S Loomis Boulevard Chicago, IL 60620",259000.0
4,1,1542,"5443 S LONG Avenue Chicago, IL 60638",259000.0
2,2,1198,"6301 N Sheridan Road 18E Chicago, IL 60660",255000.0
2,2,1250,"4537 S DREXEL Boulevard 106 Chicago, IL 60653",250000.0
2,2,1100,"4220 S Champlain Avenue 2N Chicago, IL 60653",249995.0
2,1,1000,"3114 S Union Avenue Chicago, IL 60616",249500.0
3,2,1724,"Chicago, IL 60628",240000.0
3,2,1522,"12509 S Emerald Avenue Chicago, IL 60628",230000.0
2,2,1100,"5757 N Sheridan Road 20J Chicago, IL 60660",199995.0
1,1,800,"33 E Cedar Street 3D Chicago, IL 60611",199000.0
4,2,1500,"7825 S Rhodes Avenue Chicago, IL 60619",119900.0
3,1,1578,"9217 S Marshfield Avenue Chicago, IL 60620",103000.0
1,1,1244,"340 E Randolph Street 1106 Chicago, IL 60601",565000.0
4,2,1332,"4843 W Schubert Avenue Chicago, IL 60639",459900.0
4,3,2156,"3425 W Carroll Avenue Chicago, IL 60624",439000.0
1,1,800,"659 W Randolph Street 1115 Chicago, IL 60661",300000.0
3,1,1234,"10201 S California Avenue Chicago, IL 60655",294900.0
4,1,1500,"6145 S Nagle Avenue Chicago, IL 60638",284000.0
2,2,1223,"234 W Polk Street 3809 Chicago, IL 60607",740000.0
5,3,2800,"11234 S LAWLER Avenue Alsip, IL 60803",579000.0
2,2,1225,"300 N State Street 5320 Chicago, IL 60654",375000.0
3,1,1200,"2159 N Nordica Avenue Chicago, IL 60707",369000.0
3,2,1400,"11737 S Kedvale Avenue Alsip, IL 60803",335000.0
2,2,950,"3909 W 71st Street Chicago, IL 60629",293000.0
2,1,1041,"3043 W 96th Place Evergreen Park, IL 60805",257000.0
4,1,1165,"7704 S Homan Avenue Chicago, IL 60652",115000.0
2,2,1467,"7801 W Summerdale Avenue Chicago, IL 60656",350000.0
3,2,2400,"1304 N Hoyne Avenue 1 Chicago, IL 60622",970000.0
2,2,1300,"817 W Washington Boulevard 503 Chicago, IL 60607",674900.0
4,2,1200,"2416 W BELDEN Avenue Chicago, IL 60647",599000.0
2,2,1100,"1201 W Wrightwood Avenue 22 Chicago, IL 60614",595000.0
5,3,2100,"2950 N Lowell Avenue Chicago, IL 60641",593000.0
2,2,1600,"4170 N Marine Drive 11L Chicago, IL 60613",549900.0
2,2,1590,"4413 N Malden Street 2S Chicago, IL 60640",549000.0
3,2,1500,"506 W Oakdale Avenue 1 Chicago, IL 60657",499900.0
3,2,1208,"2307 N Avers Avenue 2 Chicago, IL 60647",475000.0
3,2,2090,"6515 N MAPLEWOOD Avenue Chicago, IL 60645",475000.0
3,2,1800,"1159 N Hudson Street 1-101 Chicago, IL 60610",450000.0
3,2,1500,"2847 N Pulaski Road 3S Chicago, IL 60641",435000.0
2,2,1500,"5055 N California Avenue 1S Chicago, IL 60625",425000.0
5,2,943,"5531 S McVicker Avenue Chicago, IL 60638",405000.0
4,2,1493,"6030 S Menard Avenue Chicago, IL 60638",385000.0
1,1,1138,"400 S Green Street 406 Chicago, IL 60607",364900.0
2,1,2000,"4121 N Moody Avenue Chicago, IL 60634",355000.0
3,1,1100,"5129 N Normandy Avenue Chicago, IL 60656",350000.0
2,2,1061,"1031 N MOZART Street 2 Chicago, IL 60622",349995.0
4,2,2697,"11647 S Tripp Avenue Alsip, IL 60803",349900.0
4,4,1950,"11616 S Lowe Avenue Chicago, IL 60628",344900.0
2,1,1000,"21 W Goethe Street 18D Chicago, IL 60610",335000.0
3,1,1197,"3009 N 78th Court Elmwood Park, IL 60707",329900.0
3,2,1866,"4119 N Moody Avenue Chicago, IL 60634",324900.0
3,3,1508,"9549 S Calumet Avenue Chicago, IL 60628",319000.0
3,2,2000,"6833 N Kedzie Avenue 716 Chicago, IL 60645",295000.0
4,3,1469,"8346 S Baltimore Avenue Chicago, IL 60617",289700.0
2,2,600,"5716 W 64th Place Chicago, IL 60638",275000.0
1,1,765,"10 E Ontario Street 2806 Chicago, IL 60611",250000.0
3,2,960,"Chicago, IL 60628",249900.0
2,2,1800,"1900 W 83rd Street 0 Chicago, IL 60620",249900.0
2,2,1000,"4857 N Drake Avenue G Chicago, IL 60625",240000.0
2,2,1200,"10342 S Eberhart Avenue Chicago, IL 60628",239900.0
4,2,1800,"8127 S Blackstone Avenue Chicago, IL 60619",229900.0
5,1,1835,"8136 S Manistee Avenue Chicago, IL 60617",215000.0
1,1,900,"4250 N Marine Drive 1013 Chicago, IL 60613",210000.0
1,1,638,"5117 N EAST RIVER Road 1A Chicago, IL 60656",179500.0
4,1,948,"8371 S Baltimore Avenue Chicago, IL 60617",160000.0
3,1,1389,"14425 S Emerald Avenue Riverdale, IL 60827",85000.0
2,1,1080,"10100 S Parnell Avenue Chicago, IL 60628",80000.0
1,1,700,"7337 S South Shore Drive 708 Chicago, IL 60649",72000.0
1,1,707,"1919 S Michigan Avenue , 412 Chicago, IL 60616",249000.0
4,4,2360,"195 N Harbor Drive 801-809 Chicago, IL 60601",995000.0
2,2,1538,"118 E Erie Street 14B Chicago, IL 60611",875000.0
3,3,2200,"3020 N Sheffield Avenue 1N Chicago, IL 60657",875000.0
3,4,3378,"4249 N Spaulding Avenue Chicago, IL 60618",849000.0
3,3,2200,"2031 W Saint Paul Avenue 2W Chicago, IL 60647",799999.0
2,2,1559,"25 E Superior Street 2302 Chicago, IL 60611",759000.0
3,2,2000,"4030 N California Avenue 3 Chicago, IL 60618",649900.0
2,2,1518,"2500 N Seminary Avenue 4W Chicago, IL 60614",649000.0
3,1,2100,"5844 N Hermitage Avenue B Chicago, IL 60660",635000.0
6,3,3841,"4365 W Leland Avenue Chicago, IL 60630",579555.0
3,3,2600,"4355 S Lake Park Avenue 2N Chicago, IL 60653",560000.0
3,3,2000,"6351 N GLENWOOD Avenue 1S Chicago, IL 60660",548000.0
2,2,1450,"530 N LAKE SHORE Drive 2408 Chicago, IL 60611",540000.0
2,2,1200,"653 N Kingsbury Street 706 Chicago, IL 60654",525000.0
3,2,2000,"2242 W Taylor Street Chicago, IL 60612",525000.0
4,3,2700,"5400 S Hyde Park Boulevard 10C Chicago, IL 60615",519000.0
3,2,1326,"4453 N Canfield Avenue Norridge, IL 60706",499900.0
2,3,3585,"11844 S Oakley Avenue Chicago, IL 60643",499900.0
2,2,1200,"500 W Superior Street 1202 Chicago, IL 60654",499000.0
2,2,1271,"400 N La Salle Drive 3002 Chicago, IL 60654",499000.0
2,2,1329,"3021 W Armitage Avenue 201 Chicago, IL 60647",475000.0
3,2,1500,"6057 W Melrose Street Chicago, IL 60634",475000.0
3,2,1858,"3180 N Lake Shore Drive 8A Chicago, IL 60657",475000.0
1,1,1145,"57 E DELAWARE Place 2901 Chicago, IL 60611",440000.0
2,2,1116,"3125 W Fullerton Avenue 214 Chicago, IL 60647",435000.0
2,2,1350,"33 W Ontario Street 46A Chicago, IL 60654",434000.0
2,2,1250,"5430 N Sheridan Road 403 Chicago, IL 60640",420000.0
2,2,1411,"2310 S Canal Street 401 Chicago, IL 60616",400000.0
4,2,1589,"2922 W Polk Street Chicago, IL 60612",399900.0
3,2,1800,"5010 W Lawrence Avenue 3B Chicago, IL 60630",399900.0
5,2,2300,"5042 W WOLFRAM Street Chicago, IL 60641",399900.0
2,2,1250,"3550 N LAKE SHORE Drive 1901 Chicago, IL 60657",385000.0
2,1,1000,"1435 N Mohawk Street 1 Chicago, IL 60610",384999.0
2,1,1150,"1307 S Wabash Avenue 413 Chicago, IL 60605",375000.0
3,2,1300,"7931 W Metropole Street Elmwood Park, IL 60707",369900.0
4,2,2512,"12436 S Keeler Avenue Alsip, IL 60803",359900.0
2,1,724,"1438 W Roscoe Street 3 Chicago, IL 60657",349900.0
3,2,1450,"6411 S Washtenaw Avenue Chicago, IL 60629",349900.0
3,2,1650,"5142 S Greenwood Avenue 1 Chicago, IL 60615",349900.0
4,3,3200,"7217 S Talman Avenue Chicago, IL 60629",347500.0
3,2,1414,"11334 S Central Park Avenue Chicago, IL 60655",329900.0
2,2,1300,"7153 W Irving Park Road 3 Chicago, IL 60634",328999.0
3,2,3600,"Chicago, IL 60652",315000.0
3,2,2115,"124 E 83rd Street Chicago, IL 60619",313000.0
4,2,2476,"6721 S Ada Street Chicago, IL 60636",310000.0
1,1,800,"1660 N LaSalle Street 2307 Chicago, IL 60614",300000.0
2,2,1109,"950 W Monroe Street 607 Chicago, IL 60607",300000.0
1,1,853,"1250 S Michigan Avenue 703 Chicago, IL 60605",299900.0
2,2,1200,"1217 W Hood Avenue G Chicago, IL 60660",299900.0
4,2,1530,"8105 S Sawyer Avenue Chicago, IL 60652",295000.0
1,1,756,"100 E Walton Street 38H Chicago, IL 60611",285000.0
1,1,775,"1636 N Wells Street 1907 Chicago, IL 60614",280000.0
3,2,1900,"6833 N Kedzie Avenue 816 Chicago, IL 60645",274900.0
3,2,1058,"5407 S Justine Street Chicago, IL 60609",269000.0
3,2,965,"11018 S Sawyer Avenue Chicago, IL 60655",264900.0
3,1,1049,"4313 W 77th Place Chicago, IL 60652",264900.0
2,1,1035,"3348 N Narragansett Avenue Chicago, IL 60634",250000.0
1,1,596,"2233 W Shakespeare Avenue 1F Chicago, IL 60647",249900.0
3,2,1800,"7822 S EMERALD Avenue Chicago, IL 60620",249900.0
1,1,700,"1845 S Michigan Avenue 1602 Chicago, IL 60616",247000.0
2,1,900,"3316 W Byron Street 1 Chicago, IL 60618",230000.0
2,1,1126,"10750 S Ridgeway Avenue Chicago, IL 60655",230000.0
2,1,1496,"14107 S State Street Riverdale, IL 60827",199900.0
1,1,700,"2941 S Michigan Avenue 305 Chicago, IL 60616",145000.0
3,1,968,"1519 E 76th Place Chicago, IL 60619",135000.0
2,1,720,"9236 S Blackstone Avenue Chicago, IL 60619",78900.0
3,1,1008,"1017 N Avers Avenue Chicago, IL 60651",74700.0
2,1,1200,"7759 S Kingston Avenue 1S Chicago, IL 60649",64900.0
3,1,1000,"8540 S Rhodes Avenue Chicago, IL 60619",58000.0
4,2,1709,"2058 W Washington Boulevard Chicago, IL 60612",625000.0
1,1,848,"222 N Columbus Drive , 912 Chicago, IL 60601",285000.0
3,2,1900,"23 N Green Street 206 Chicago, IL 60607",975000.0
3,3,2117,"1211 S Prairie Avenue 1106 Chicago, IL 60605",975000.0
5,3,3600,"4932 S Martin Luther King Drive Chicago, IL 60653",949000.0
4,3,3200,"4218 N CALIFORNIA Avenue Chicago, IL 60618",850000.0
4,3,3516,"4130 N Mango Avenue Chicago, IL 60634",850000.0
3,2,2650,"874 N Marshfield Avenue 1 Chicago, IL 60622",849900.0
2,2,1624,"200 E Delaware Place 18F Chicago, IL 60611",755000.0
3,2,1750,"1420 W Belmont Avenue 2 Chicago, IL 60657",699900.0
3,3,2988,"3452 N Central Avenue Chicago, IL 60634",699000.0
5,2,2600,"1702 N Lawndale Avenue Chicago, IL 60647",695000.0
2,2,1739,"737 W Washington Boulevard 3308 Chicago, IL 60661",650000.0
2,2,1200,"2700 N Halsted Street 201 Chicago, IL 60614",620000.0
3,2,1484,"4039 N Kildare Avenue Chicago, IL 60641",599900.0
3,3,2000,"1924 N Lawndale Avenue Chicago, IL 60647",599000.0
4,2,3037,"7733 W Rosedale Avenue Chicago, IL 60631",575000.0
2,2,1825,"1530 N Dearborn Parkway 9S Chicago, IL 60610",550000.0
1,1,1103,"333 N Canal Street 2505 Chicago, IL 60606",549000.0
2,2,1260,"1400 N La Salle Street 3N Chicago, IL 60610",539000.0
2,2,1437,"165 N Canal Street 1231 Chicago, IL 60606",525000.0
3,3,1817,"6229 W Waveland Avenue Chicago, IL 60634",519000.0
4,2,1700,"211 E Ohio Street 2707 Chicago, IL 60611",500000.0
3,2,984,"7646 W MYRTLE Avenue Chicago, IL 60631",499000.0
2,2,1225,"195 N Harbor Drive 4305 Chicago, IL 60601",485000.0
2,2,1450,"2052 W Chicago Avenue 2 Chicago, IL 60622",465000.0
4,3,2400,"11173 S Hermosa Avenue Chicago, IL 60643",455500.0
2,2,1376,"2335 W Belle Plaine Avenue 106 Chicago, IL 60618",419900.0
2,3,1400,"2906 N MENARD Avenue Chicago, IL 60634",404900.0
2,2,1398,"1111 S State Street A505 Chicago, IL 60605",400000.0
5,3,3078,"6421 S Mozart Street Chicago, IL 60629",399900.0
2,2,1220,"4872 N KENMORE Avenue 1 Chicago, IL 60640",399000.0
3,1,1518,"9210 S Mozart Avenue Evergreen Park, IL 60805",395000.0
2,2,1226,"1110 W 15th Street 218 Chicago, IL 60608",379900.0
2,2,1100,"1515 S Prairie Avenue 715 Chicago, IL 60605",375000.0
2,2,1300,"4717 N KENMORE Avenue GS Chicago, IL 60640",350000.0
3,2,1098,"3405 W 116th Street Chicago, IL 60655",349900.0
1,1,883,"1000 W Adams Street 523 Chicago, IL 60607",345000.0
3,1,937,"5424 S Austin Avenue Chicago, IL 60638",345000.0
2,1,960,"5423 S Rutherford Avenue Chicago, IL 60638",315000.0
1,1,915,"726 W SHERIDAN Road 3S Chicago, IL 60613",299900.0
4,2,1800,"119 W 110th Street Chicago, IL 60628",299000.0
1,1,750,"1 E Scott Street 1910 Chicago, IL 60610",295000.0
2,1,1100,"1961 W Winona Avenue 3 Chicago, IL 60640",285000.0
3,2,1536,"10346 S King Drive Chicago, IL 60628",284900.0
3,2,969,"9553 S Perry Avenue Chicago, IL 60628",279900.0
2,1,990,"1729 W Erie Street 3N Chicago, IL 60622",269000.0
1,1,705,"210 S Desplaines Street 706 Chicago, IL 60661",259000.0
5,2,1800,"11427 S Stewart Avenue Chicago, IL 60628",245000.0
1,1,850,"3520 N Lake Shore Drive 4P Chicago, IL 60657",240000.0
1,1,850,"6560 W Diversey Avenue 417 Chicago, IL 60707",240000.0
1,1,783,"1460 N Sandburg Terrace Terrace 1508A Chicago, IL 60610",239000.0
1,1,800,"1255 S STATE Street 1704 Chicago, IL 60605",230000.0
4,1,1300,"8129 S Princeton Avenue Chicago, IL 60620",198500.0
1,1,750,"2411 W Balmoral Avenue 1F Chicago, IL 60625",155000.0
2,2,1092,"8723 S Hermitage Avenue Chicago, IL 60620",149000.0
1,1,800,"7316 N Honore Street 306 Chicago, IL 60626",135000.0
3,1,731,"13308 S RIVERDALE Avenue Chicago, IL 60827",115000.0
5,2,2013,"6717 S Aberdeen Street Chicago, IL 60621",101250.0
4,2,1198,"1826 S Kildare Avenue Chicago, IL 60623",79000.0
2,1,1095,"6119 W School Street Chicago, IL 60634",329000.0
1,1,800,"515 W Wrightwood Avenue , 302 Chicago, IL 60614",275000.0
2,2,1600,"1020 W Armitage Avenue 3A Chicago, IL 60614",950000.0
4,2,2000,"1834 N Rockwell Street 1R Chicago, IL 60647",775000.0
4,3,3600,"4944 W CULLOM Avenue Chicago, IL 60641",689000.0
2,2,1781,"Chicago, IL 60661",625000.0
4,3,2024,"218 N Mason Avenue Chicago, IL 60644",539900.0
3,2,1595,"456 E Oakwood Boulevard 3 Chicago, IL 60653",489000.0
2,1,1200,"73 E ELM Street 12D Chicago, IL 60611",475000.0
2,2,1180,"111 W Maple Street 3001 Chicago, IL 60610",460000.0
4,2,1916,"6158 W 60th Street Chicago, IL 60638",449000.0
4,1,1220,"6205 W BERTEAU Avenue Chicago, IL 60634",425000.0
5,2,2202,"10830 S Talman Avenue Chicago, IL 60655",419900.0
2,2,1200,"1704 S CARPENTER Street 3B Chicago, IL 60608",409000.0
2,2,1180,"200 N Dearborn Street 2006 Chicago, IL 60601",400000.0
4,3,2345,"4905 W Ohio Street Chicago, IL 60644",400000.0
1,1,906,"450 E Waterside Drive 906 Chicago, IL 60601",390000.0
3,2,1121,"2743 W 83rd Street Chicago, IL 60652",375000.0
3,2,1575,"12236 S Hamlin Avenue Alsip, IL 60803",319900.0
2,2,1300,"351 E 25th Place 20C Chicago, IL 60616",315000.0
2,2,1200,"5415 N Sheridan Road 4511 Chicago, IL 60640",299900.0
2,1,1078,"11400 S Washtenaw Avenue Chicago, IL 60655",299000.0
4,2,1120,"11642 S Elizabeth Street Chicago, IL 60643",299000.0
3,2,1400,"4635 S KEATING Avenue Chicago, IL 60632",299000.0
3,2,1428,"432 N Lawndale Avenue Chicago, IL 60624",289999.0
1,1,800,"1250 W Van Buren Street 202 Chicago, IL 60607",275000.0
1,1,728,"1345 S Wabash Avenue 1408 Chicago, IL 60605",270000.0
3,2,1300,"1457 E 71st Place 3 Chicago, IL 60619",269900.0
4,2,1428,"6920 S LAFLIN Street Chicago, IL 60636",269900.0
5,2,1500,"1132 N Monitor Avenue Chicago, IL 60651",269900.0
2,3,1750,"9835 S Drexel Avenue Chicago, IL 60628",269900.0
2,1,1058,"2615 N Menard Avenue Chicago, IL 60639",268800.0
1,1,650,"100 E WALTON Street 18G Chicago, IL 60611",229000.0
1,1,850,"535 N Michigan Avenue 2612 Chicago, IL 60611",224500.0
2,1,1200,"10017 S Morgan Street Chicago, IL 60643",220000.0
3,2,1163,"14116 S Hoxie Avenue Burnham, IL 60633",211999.0
1,1,850,"2017 W Farragut Avenue 1 Chicago, IL 60625",210000.0
2,1,1000,"2131 N Harlem Avenue 231 Chicago, IL 60707",210000.0
1,1,650,"827 W Lawrence Avenue 3N Chicago, IL 60640",199900.0
2,2,1003,"11219 S Wallace Street Chicago, IL 60628",175000.0
4,1,1362,"Chicago, IL 60619",159000.0
4,1,1720,"8439 S Crandon Avenue Chicago, IL 60617",155500.0
1,1,716,"128 W 115th Street Chicago, IL 60628",131999.0
3,2,1735,"1200 W Monroe Street 808 Chicago, IL 60607",925000.0
2,2,1194,"211 N Harbor Drive 2101 Chicago, IL 60601",860000.0
4,3,2907,"743 W 15th Street Chicago, IL 60607",849500.0
5,4,3800,"232 E Walton Place 3W Chicago, IL 60611",750000.0
3,2,1718,"1258 N MILWAUKEE Avenue 3S Chicago, IL 60622",749500.0
5,3,2600,"5863 N Kenmore Avenue 2 Chicago, IL 60660",700000.0
2,3,1493,"1255 N STATE Parkway 2E-3E Chicago, IL 60610",699000.0
2,2,1100,"3740 N Kenmore Avenue 2 Chicago, IL 60613",664900.0
2,1,960,"2168 N Rockwell Street Chicago, IL 60647",580000.0
2,2,1800,"444 W Belmont Avenue 3A Chicago, IL 60657",575000.0
3,3,2600,"7905 W Metropole Street Elmwood Park, IL 60707",549000.0
2,2,1100,"1464 S Michigan Avenue 1404 Chicago, IL 60605",425000.0
2,2,1200,"1111 S Wabash Avenue 1410 Chicago, IL 60605",425000.0
5,3,1600,"3647 N Nordica Avenue Chicago, IL 60634",424900.0
2,3,1888,"6505 S WOODLAWN Avenue Chicago, IL 60637",419900.0
5,2,2350,"2947 N 77th Court Elmwood Park, IL 60707",405000.0
3,2,1008,"6111 S Menard Avenue Chicago, IL 60638",399999.0
4,2,1600,"5520 S Kildare Avenue Chicago, IL 60629",399900.0
1,1,1450,"727 S DEARBORN Street 510 Chicago, IL 60605",399500.0
3,2,1269,"3437 S Morgan Street 2E Chicago, IL 60608",379000.0
2,2,1100,"1720 S Michigan Avenue 1608 Chicago, IL 60616",369000.0
3,3,1975,"6416 W MCLEAN Avenue 6416 Chicago, IL 60707",350000.0
2,1,950,"3150 N Sheffield Avenue 205 Chicago, IL 60657",349900.0
4,2,1500,"9443 S Racine Avenue Chicago, IL 60620",338000.0
4,2,1825,"8245 S Justine Street Chicago, IL 60620",329000.0
1,1,841,"910 N Lake Shore Drive 1216 Chicago, IL 60611",315000.0
1,1,1000,"1250 S INDIANA Avenue 304 Chicago, IL 60605",289995.0
3,1,988,"8069 S Kolmar Avenue Chicago, IL 60652",275000.0
1,1,1000,"6007 N Sheridan Road 37H Chicago, IL 60660",269900.0
2,2,1250,"5757 N Sheridan Road 5J Chicago, IL 60660",249900.0
2,1,700,"4054 W PALMER Street 2 Chicago, IL 60639",249500.0
3,2,1050,"142 W Brayton Street Chicago, IL 60628",245000.0
2,2,1200,"1819 W Touhy Avenue 2 Chicago, IL 60626",239900.0
1,1,900,"4537 S Drexel Boulevard 303 Chicago, IL 60653",215000.0
3,2,1454,"10152 S Prairie Avenue Chicago, IL 60628",174900.0
3,1,1281,"8518 S Seeley Avenue Chicago, IL 60620",165000.0
1,1,750,"6301 N Sheridan Road 24C Chicago, IL 60660",150000.0
1,1,600,"6700 S South Shore Drive 18K Chicago, IL 60649",143000.0
3,1,971,"6641 S GREEN Street Chicago, IL 60621",39000.0
2,2,1200,"2700 N Wayne Avenue 2N Chicago, IL 60614",750000.0
1,1,800,"401 E Ontario Street 1008 Chicago, IL 60611",290000.0
5,3,2982,"6319 N Whipple Street Chicago, IL 60659",659000.0
2,2,1080,"5642 W Dakin Street Chicago, IL 60634",469900.0
2,1,1015,"230 W DIVISION Street 1208 Chicago, IL 60610",390000.0
2,1,1100,"5349 N Delphia Avenue 150 Chicago, IL 60656",229900.0
2,1,1100,"11433 S Artesian Avenue Chicago, IL 60655",189900.0
2,1,1000,"3914 W 63rd Street 1-A Chicago, IL 60629",144900.0
2,2,1782,"9620 S Exchange Avenue Chicago, IL 60617",85000.0
1,1,850,"5455 N Sheridan Road , 3611 Chicago, IL 60640",209900.0
3,3,2708,"3334 N Odell Avenue Chicago, IL 60634",725000.0
2,2,1223,"234 W Polk Street 3209 Chicago, IL 60607",710000.0
4,3,2950,"5442 N Western Avenue 1A Chicago, IL 60625",699900.0
3,3,2988,"3450 N Central Avenue Chicago, IL 60634",699000.0
2,2,1430,"60 E Monroe Street 1604 Chicago, IL 60603",599900.0
3,2,1800,"2803 N Wolcott Avenue D Chicago, IL 60657",565000.0
2,2,1350,"330 N CLINTON Street 303 Chicago, IL 60661",495000.0
4,1,1440,"4460 N Tripp Avenue Chicago, IL 60630",449000.0
2,2,1550,"3300 N LAKE SHORE Drive 12B Chicago, IL 60657",449000.0
2,2,1507,"1530 S State Street 722 Chicago, IL 60605",425000.0
2,2,1122,"1636 N WELLS Street 615 Chicago, IL 60614",419000.0
3,2,1677,"2822 N 76th Court Elmwood Park, IL 60707",399900.0
4,4,2800,"7425 S Vernon Avenue Chicago, IL 60619",384900.0
3,2,1990,"3836 W Wabansia Avenue Chicago, IL 60647",375000.0
3,2,1338,"8425 S Spaulding Avenue Chicago, IL 60652",350000.0
3,1,864,"6949 W Montrose Avenue Harwood Heights, IL 60706",339999.0
2,2,1200,"1645 W Ogden Avenue 516 Chicago, IL 60612",339000.0
2,2,1391,"7420 W Lawrence Avenue 402 Harwood Heights, IL 60706",330000.0
2,1,1200,"7631 N Eastlake Terrace 2C Chicago, IL 60626",319000.0
3,1,1020,"3411 W 59th Street Chicago, IL 60629",299900.0
3,2,1162,"3743 E 112th Street Chicago, IL 60617",295000.0
1,1,696,"235 W VAN BUREN Street 4206 Chicago, IL 60607",275000.0
1,1,820,"200 N Dearborn Street 2608 Chicago, IL 60601",265000.0
3,1,1040,"7830 S Kolmar Avenue Chicago, IL 60652",255000.0
3,2,1191,"10027 S Merrill Avenue Chicago, IL 60617",252900.0
1,1,800,"33 E Cedar Street 6B Chicago, IL 60611",230000.0
2,2,4687,"102 E 144th Street Riverdale, IL 60827",219900.0
3,2,2600,"6901 S Oglesby Avenue 2A Chicago, IL 60649",209000.0
2,2,1200,"6415 N Damen Avenue 2W Chicago, IL 60645",182000.0
3,1,1150,"12755 S Kenneth Avenue E Alsip, IL 60803",129999.0
1,1,778,"7234 W North Avenue 1608 Elmwood Park, IL 60707",127500.0
1,1,796,"4800 S Chicago Beach Drive 910S Chicago, IL 60615",120000.0
4,2,1530,"54 E 137th Place Riverdale, IL 60827",69900.0
3,2,1040,"8225 S Wentworth Avenue Chicago, IL 60620",287000.0
2,1,1250,"7202 W Wrightwood Avenue , 2S Elmwood Park, IL 60707",199900.0
2,2,1251,"211 N Harbor Drive 1404 Chicago, IL 60601",995000.0
4,3,2914,"9556 S Winchester Avenue Chicago, IL 60643",989000.0
4,3,3600,"2342 N Hamlin Avenue Chicago, IL 60647",979000.0
3,3,2900,"1828 N California Avenue Chicago, IL 60647",950000.0
2,2,1510,"25 E Superior Street 1801 Chicago, IL 60611",750000.0
3,2,1800,"1500 N Cleveland Avenue 4 Chicago, IL 60610",725000.0
2,2,1361,"240 E Illinois Street 2206 Chicago, IL 60611",699000.0
4,2,2287,"3445 W 114th Street Chicago, IL 60655",629000.0
3,3,2300,"2433 W Haddon Avenue 1E Chicago, IL 60622",575000.0
2,2,970,"817 W Washington Boulevard 507 Chicago, IL 60607",550000.0
4,4,2032,"2719 N 74th Court Elmwood Park, IL 60707",550000.0
3,2,2752,"6085 N Nassau Avenue Chicago, IL 60631",549999.0
2,2,1400,"1459 W Melrose Street 1N Chicago, IL 60657",525000.0
3,2,2000,"1663 W Farwell Avenue Chicago, IL 60626",499000.0
2,2,1290,"233 E 13th Street 601 Chicago, IL 60605",470000.0
3,2,1128,"6012 S Narragansett Avenue Chicago, IL 60638",469900.0
2,2,1300,"1466 W Warner Avenue 2W Chicago, IL 60613",449900.0
2,2,1100,"4770 N Manor Avenue 405 Chicago, IL 60625",439000.0
4,3,1760,"1422 N Latrobe Avenue Chicago, IL 60651",430000.0
3,2,1374,"4044 N Overhill Avenue Norridge, IL 60706",424900.0
2,2,1600,"1237 W Farwell Avenue 2W Chicago, IL 60626",424900.0
3,2,1201,"8014 W Summerdale Avenue Chicago, IL 60656",415000.0
2,2,1205,"200 N Dearborn Street 2406 Chicago, IL 60601",399000.0
2,1,1032,"645 N Kingsbury Street 1906 Chicago, IL 60610",395000.0
1,1,900,"333 N Jefferson Street 307 Chicago, IL 60661",389000.0
3,3,1882,"1937 S Christiana Avenue Chicago, IL 60623",364500.0
2,2,1233,"1530 S State Street 525 Chicago, IL 60605",359000.0
1,1,790,"123 S GREEN Street 710B Chicago, IL 60607",347500.0
3,2,999,"839 N Kildare Avenue Chicago, IL 60651",340000.0
4,2,1469,"9225 S SAGINAW Avenue Chicago, IL 60617",325900.0
2,3,2186,"1910 W 83rd Street Chicago, IL 60620",325000.0
1,1,1050,"333 S Desplaines Street 504 Chicago, IL 60661",320000.0
1,1,751,"1400 S Michigan Avenue 707 Chicago, IL 60605",319900.0
3,3,1280,"654 E 87th Place Chicago, IL 60619",289900.0
2,1,1100,"711 W GORDON Terrace 117 Chicago, IL 60613",285000.0
2,2,1400,"1033 E 46th Street 303 Chicago, IL 60653",280000.0
3,1,1344,"1701 N Newland Avenue Chicago, IL 60707",269900.0
2,2,800,"1946 W Newport Avenue 1E Chicago, IL 60657",265000.0
3,1,3844,"9965 S Escanaba Avenue Chicago, IL 60617",260000.0
3,1,1247,"8155 S KOLMAR Avenue Chicago, IL 60652",255000.0
1,1,876,"900 N Lake Shore Drive 1104 Chicago, IL 60611",250000.0
2,1,1000,"3907 N Harlem Avenue 304B Chicago, IL 60634",250000.0
3,2,1600,"14115 S Wabash Avenue Riverdale, IL 60827",250000.0
3,2,1600,"5410 W Congress Parkway Chicago, IL 60644",235000.0
3,2,1400,"Chicago, IL 60617",205000.0
1,1,800,"1550 N Lake Shore Drive 9F Chicago, IL 60610",199900.0
2,2,954,"6614 S Ingleside Avenue 1S Chicago, IL 60637",180000.0
1,1,850,"4126 N Kedvale Avenue 302 Chicago, IL 60641",175000.0
1,1,800,"5052 N Marine Drive D1 Chicago, IL 60640",139995.0
3,2,2500,"635 W Sheridan Road 3 Chicago, IL 60613",1025000.0
4,2,3000,"1255 N Sandburg Terrace 2912 Chicago, IL 60610",999000.0
3,4,4600,"3004 S Canal Street Chicago, IL 60616",850000.0
3,2,1980,"474 N Lake Shore Drive 6101 Chicago, IL 60611",750000.0
2,2,1462,"1701 W Webster Avenue 611 Chicago, IL 60614",699900.0
2,2,1600,"1537 N Clybourn Avenue D Chicago, IL 60610",624900.0
5,3,2800,"11122 Leamington Avenue S Alsip, IL 60803",579000.0
2,2,1200,"612 W BARRY Avenue 3 Chicago, IL 60657",484900.0
2,2,1500,"706 W Melrose Avenue 3 Chicago, IL 60657",475000.0
2,2,1350,"345 N La Salle Drive 3507 Chicago, IL 60654",474900.0
2,2,1300,"521 N Racine Avenue 3 Chicago, IL 60642",450000.0
2,2,1440,"453 N May Street GS Chicago, IL 60642",439000.0
2,2,1200,"2354 W Wilson Avenue 1W Chicago, IL 60625",435000.0
2,2,1250,"2737 W Thomas Street 3 Chicago, IL 60622",435000.0
4,2,1382,"5200 S Newcastle Avenue Chicago, IL 60638",434900.0
5,2,1662,"4112 N McVicker Avenue Chicago, IL 60634",425000.0
2,2,1100,"2400 N Lakeview Avenue 1706 Chicago, IL 60614",424900.0
2,2,1086,"1645 W Ogden Avenue 417 Chicago, IL 60612",409900.0
2,2,1200,"1101 S State Street 1402 Chicago, IL 60605",400000.0
3,2,1600,"2814 W 83rd Street Chicago, IL 60652",389900.0
5,2,2972,"1318 N Menard Avenue Chicago, IL 60651",374900.0
2,2,1150,"3201 W Leland Avenue 205 Chicago, IL 60625",365000.0
3,3,2200,"8837 S THROOP Street Chicago, IL 60620",350000.0
4,2,1700,"5936 S Keeler Avenue Chicago, IL 60629",349999.0
2,2,1000,"2744 W Haddon Avenue 2 Chicago, IL 60622",346999.0
2,2,1000,"1529 S State Street 11B Chicago, IL 60605",339000.0
3,2,1093,"3801 S Lombard Avenue Cicero, IL 60804",319900.0
2,2,1260,"740 S Federal Street 301 Chicago, IL 60605",315000.0
1,1,750,"100 E Walton Street 22H Chicago, IL 60611",310000.0
4,2,1563,"5719 S Spaulding Avenue Chicago, IL 60629",310000.0
3,1,1080,"11010 S Avenue H Chicago, IL 60617",300000.0
5,3,2400,"8307 S Morgan Street Chicago, IL 60620",297900.0
2,2,1200,"4336 N Kenmore Avenue G Chicago, IL 60613",295000.0
3,2,1000,"9101 S Aberdeen Street Chicago, IL 60620",294900.0
4,1,1552,"8222 S Saint Lawrence Avenue Chicago, IL 60619",287000.0
2,2,1280,"6560 W Diversey Avenue 412D Chicago, IL 60707",285000.0
1,1,849,"440 N Wabash Avenue 2008 Chicago, IL 60611",279000.0
2,1,900,"4722 N BEACON Street 1E Chicago, IL 60640",265000.0
4,2,2681,"11521 S Aberdeen Street Chicago, IL 60643",265000.0
5,2,1600,"2627 E 74th Place Chicago, IL 60649",260000.0
1,1,1050,"201 E Chestnut Street 20F Chicago, IL 60611",259900.0
1,1,632,"320 E 21ST Street 412 Chicago, IL 60616",234900.0
2,1,1272,"8110 S Washtenaw Avenue Chicago, IL 60652",230000.0
1,1,790,"655 W irving park Road 2903 Chicago, IL 60613",225000.0
1,1,840,"5455 N Sheridan Road 2206 Chicago, IL 60640",223500.0
3,2,5635,"14432 S Wallace Avenue Riverdale, IL 60827",220000.0
1,1,900,"4250 N Marine Drive 1626 Chicago, IL 60613",219500.0
1,1,1000,"6157 N Sheridan Road 22M Chicago, IL 60660",219000.0
3,2,1980,"11724 S Loomis Street Chicago, IL 60643",199900.0
3,1,1104,"10504 S Peoria Street Chicago, IL 60643",171500.0
2,1,800,"4912 N Kedzie Avenue 2E Chicago, IL 60625",165000.0
1,1,700,"7234 W North Avenue 1109 Elmwood Park, IL 60707",115000.0
2,1,1100,"Chicago, IL 60615",55000.0
4,3,3000,"2307 W Foster Avenue 1 Chicago, IL 60625",997000.0
3,2,1978,"4343 N Richmond Avenue 3N Chicago, IL 60618",799000.0
3,2,2100,"1100 N Lake Shore Drive 33A Chicago, IL 60611",735000.0
1,2,1190,"1350 N State Parkway GS Chicago, IL 60610",659000.0
2,2,1507,"1235 S Prairie Avenue 3605 Chicago, IL 60605",650000.0
2,2,1600,"551 W Melrose Street 1E Chicago, IL 60657",509000.0
2,1,1400,"614 N Paulina Street Chicago, IL 60622",475000.0
3,3,2320,"2515 W Harrison Street 1 Chicago, IL 60612",470000.0
1,1,760,"234 W Polk Street 2907 Chicago, IL 60607",465000.0
3,1,1500,"924 S May Street Chicago, IL 60607",459999.0
3,1,1100,"5103 N Clark Street 2 Chicago, IL 60640",449900.0
3,3,3200,"5560 W Ardmore Avenue Chicago, IL 60646",449900.0
4,2,2200,"7818 W Elmgrove Drive Elmwood Park, IL 60707",439000.0
3,1,1500,"6329 N Wayne Avenue 3N Chicago, IL 60660",435000.0
2,2,1085,"1841 S Calumet Avenue 1008 Chicago, IL 60616",380000.0
3,3,2000,"3601 W 123rd Place Alsip, IL 60803",355000.0
2,1,949,"Chicago, IL 60634",319000.0
3,2,1080,"2435 N Oak Park Avenue Chicago, IL 60707",299900.0
5,2,2082,"6746 S Honore Street Chicago, IL 60636",299900.0
3,2,1147,"9427 S Trumbull Avenue Evergreen Park, IL 60805",299000.0
1,1,800,"2749 N Hampden Court 1E Chicago, IL 60614",279000.0
3,2,1800,"8535 S Sacramento Avenue Chicago, IL 60652",275000.0
3,2,1236,"8410 S JEFFERY Boulevard Chicago, IL 60617",244900.0
1,1,875,"1440 N Lake Shore Drive 10C Chicago, IL 60610",239500.0
1,1,850,"3600 N LAKE SHORE Drive 1518 Chicago, IL 60613",237500.0
3,2,800,"124 E 124th Street Chicago, IL 60628",199900.0
3,1,966,"5650 S Paulina Street Chicago, IL 60636",192000.0
2,1,1234,"12532 S Throop Street Calumet Park, IL 60827",169900.0
3,1,1318,"13620 S Atlantic Avenue Riverdale, IL 60827",169900.0
3,1,1152,"14209 S Stewart Avenue Riverdale, IL 60827",169873.0
4,1,1024,"1511 N Linder Avenue Chicago, IL 60651",159900.0
3,2,1122,"4829 S PRAIRIE Avenue 2 Chicago, IL 60615",140000.0
2,1,1000,"1430 E 69th Street 1S Chicago, IL 60637",75000.0
3,3,2035,"1242 N Lake Shore Drive 4N Chicago, IL 60610",995000.0
2,2,2200,"505 N Lake Shore Drive 2206-2207 Chicago, IL 60611",995000.0
3,3,1900,"367 W Locust Street 202 Chicago, IL 60610",899000.0
4,3,3870,"4343 N Richmond Avenue 1S Chicago, IL 60618",899000.0
3,2,2014,"4347 N Richmond Avenue 3N Chicago, IL 60618",799000.0
2,2,1916,"1600 S Prairie Avenue 1002 Chicago, IL 60616",785000.0
3,2,1700,"1433 N Ashland Avenue 3W Chicago, IL 60622",719000.0
4,3,2787,"3342 S Giles Avenue Chicago, IL 60616",699000.0
3,2,2014,"4347 N Richmond Avenue 2N Chicago, IL 60618",649000.0
2,2,2100,"1000 N Lake Shore Plaza 17C Chicago, IL 60611",635000.0
2,2,1450,"2259 W Wabansia Avenue 309 Chicago, IL 60647",629900.0
3,3,2200,"2023 W Rice Street 1E Chicago, IL 60622",625000.0
3,3,2400,"4637 S Michigan Avenue Chicago, IL 60653",615000.0
4,2,2432,"4114 W Cornelia Avenue Chicago, IL 60641",599000.0
3,3,1628,"7260 W Fitch Avenue Chicago, IL 60631",575000.0
3,2,2200,"1331 W Greenleaf Avenue 2 Chicago, IL 60626",550000.0
2,2,1900,"1816 S Jefferson Street Chicago, IL 60616",549900.0
2,2,1180,"1730 W DIVERSEY Parkway 2E Chicago, IL 60614",499000.0
3,2,1224,"5257 W Carmen Avenue Chicago, IL 60630",479900.0
4,3,2800,"4821 W Crystal Street Chicago, IL 60651",465000.0
2,2,1300,"1530 S State Street 17R Chicago, IL 60605",440000.0
4,2,2550,"8423 S Carpenter Street Chicago, IL 60620",439900.0
3,3,2476,"7801 S Seeley Avenue Chicago, IL 60620",405000.0
4,2,1616,"10752 S Washtenaw Avenue Chicago, IL 60655",399000.0
4,3,2800,"9760 S Winston Avenue Chicago, IL 60643",385000.0
3,1,1285,"4939 N Cumberland Avenue Norridge, IL 60706",350000.0
3,1,1104,"5106 W 64th Street Chicago, IL 60638",325000.0
2,1,1100,"1645 W Ogden Avenue 515 Chicago, IL 60612",320000.0
3,1,1404,"6235 S Knox Avenue K Chicago, IL 60629",309000.0
2,2,1232,"6400 W BELLE PLAINE Avenue 309 Chicago, IL 60634",300000.0
3,2,1500,"6116 S Ellis Avenue 1 Chicago, IL 60637",299900.0
2,2,1080,"8 W Monroe Street 1407 Chicago, IL 60603",297900.0
2,1,1200,"5438 S HAMLIN Avenue Chicago, IL 60632",295000.0
3,3,1800,"1755 E 55th Street 1201 Chicago, IL 60615",289500.0
1,1,995,"10 E Ontario Street 3609 Chicago, IL 60611",285000.0
1,1,1093,"10 E ONTARIO Street 4007 Chicago, IL 60611",275000.0
1,1,741,"474 N Lake Shore Drive 3203 Chicago, IL 60611",250000.0
2,2,1400,"4227 S CHAMPLAIN Avenue 2N Chicago, IL 60653",245000.0
1,1,900,"230 E Ontario Street 1206 Chicago, IL 60611",235000.0
3,2,2748,"1831 S Avers Avenue Chicago, IL 60623",230000.0
2,2,1433,"6033 N SHERIDAN Road 8E Chicago, IL 60660",225000.0
4,3,2781,"4039 S Indiana Avenue Chicago, IL 60653",225000.0
3,2,1600,"12441 S Aberdeen Street Calumet Park, IL 60827",220000.0
1,1,900,"230 E Ontario Street 1205 Chicago, IL 60611",215000.0
3,1,1178,"6334 S Fairfield Avenue Chicago, IL 60629",210000.0
3,1,947,"Chicago, IL 60617",205995.0
1,1,750,"33 E Cedar Street 11A Chicago, IL 60611",199999.0
3,1,1200,"2130 N 74th Court Elmwood Park, IL 60707",198000.0
3,1,1152,"9241 S Kingston Avenue Chicago, IL 60617",159900.0
3,3,2100,"5000 S East End Avenue 25B Chicago, IL 60615",155000.0
4,2,1411,"7316 S Lafayette Avenue Chicago, IL 60621",150000.0
3,1,934,"322 N Lamon Avenue Chicago, IL 60644",145000.0
3,1,1200,"7514 S Rhodes Avenue Chicago, IL 60619",129900.0
2,1,1000,"7337 S South Shore Drive 1227 Chicago, IL 60649",70000.0
3,1,1179,"12616 S Lincoln Street Calumet Park, IL 60827",27200.0
3,2,1750,"4520 S King Drive , 4B Chicago, IL 60653",379900.0
3,1,1154,"12237 S Avers Avenue Alsip, IL 60803",249900.0
2,2,1290,"233 E 13th Street 2001 Chicago, IL 60605",570000.0
2,2,1027,"2025 S Indiana Avenue 503 Chicago, IL 60616",419000.0
4,2,1002,"1723 W 75th Place Chicago, IL 60620",320000.0
3,1,1045,"3645 W 66th Street Chicago, IL 60629",320000.0
1,1,800,"2901 S Michigan Avenue 904 Chicago, IL 60616",140000.0
3,2,1500,"1333 N Burling Street , B Chicago, IL 60610",549000.0
3,2,1103,"5151 S Mulligan Avenue Chicago, IL 60638",349900.0
5,3,2500,"2913 N Nordica Avenue Chicago, IL 60634",615000.0
4,2,3200,"10724 S Ridgeway Avenue Chicago, IL 60655",479900.0
4,3,3500,"8431 S Crandon Avenue Chicago, IL 60617",379900.0
4,3,2500,"8412 S Michigan Avenue Chicago, IL 60619",359900.0
3,2,1008,"4531 S Lawler Avenue Chicago, IL 60638",329000.0
1,1,700,"2336 N Commonwealth Avenue 108 Chicago, IL 60614",225000.0
3,1,1200,"9823 S Ingleside Avenue Chicago, IL 60628",210000.0
2,1,800,"4755 N Malden Street GS Chicago, IL 60640",200000.0
3,2,1308,"2404 E 97th Street Chicago, IL 60617",140000.0
3,1,1104,"11115 S Avenue L Chicago, IL 60617",124900.0
3,3,2107,"1530 S STATE Street 17B Chicago, IL 60605",769000.0
2,2,1346,"233 E 13th Street 1902 Chicago, IL 60605",569900.0
2,2,1200,"440 N McClurg Court 301 Chicago, IL 60611",525000.0
2,2,1336,"130 N Garland Court 2406 Chicago, IL 60602",510000.0
2,2,1515,"175 E DELAWARE Place 4803 Chicago, IL 60611",510000.0
6,4,4000,"6846 S Cregier Avenue Chicago, IL 60649",475500.0
4,3,1778,"1724 W 105th Street Chicago, IL 60643",449000.0
3,2,1735,"9601 S Claremont Avenue Chicago, IL 60643",429900.0
3,2,1255,"11400 S Hamlin Avenue Chicago, IL 60655",380000.0
4,2,5230,"4221 W 77th Place Chicago, IL 60652",350000.0
2,2,1200,"3942 W 64th Street Chicago, IL 60629",329900.0
2,2,1300,"5455 N Sheridan Road 1601 Chicago, IL 60640",325000.0
4,2,1800,"1118 E 46th Street 1E Chicago, IL 60653",314999.0
2,1,930,"4730 N Hermitage Avenue 2F Chicago, IL 60640",309900.0
3,1,1800,"8918 S Euclid Avenue Chicago, IL 60617",299999.0
3,1,1365,"9144 S Trumbull Avenue Evergreen Park, IL 60805",299900.0
1,1,850,"320 E 21st Street 402 Chicago, IL 60616",289900.0
1,1,775,"440 N MCCLURG Court 715 Chicago, IL 60611",289000.0
3,2,1700,"9536 S Woodlawn Avenue Chicago, IL 60628",279900.0
3,2,1800,"8912 S Lowe Avenue Chicago, IL 60620",274900.0
2,2,1222,"9141 S Albany Avenue S Evergreen Park, IL 60805",270000.0
3,2,2000,"12533 S Lowe Avenue Chicago, IL 60628",229900.0
1,1,900,"5854 N Kenmore Avenue 4F Chicago, IL 60660",225000.0
1,1,906,"4250 N Marine Drive 1628 Chicago, IL 60613",219900.0
3,1,1490,"7226 S Rhodes Avenue Chicago, IL 60619",219000.0
2,1,950,"5452 S Cornell Avenue 1E Chicago, IL 60615",214950.0
3,2,2100,"7033 N Kedzie Avenue 908 Chicago, IL 60645",199000.0
3,1,1224,"8026 S Fairfield Avenue Chicago, IL 60652",174900.0
1,1,750,"6301 N Sheridan Road 10F Chicago, IL 60660",150000.0
3,1,2200,"12116 S Stewart Avenue Chicago, IL 60628",139900.0
1,2,987,"341 W 99th Place Chicago, IL 60628",120000.0
2,1,800,"1756 W 35TH Street 2R Chicago, IL 60609",79900.0
1,1,700,"6638 S Greenwood Avenue 2B Chicago, IL 60637",45900.0
4,3,3500,"5151 W Fletcher Street Chicago, IL 60641",652000.0
2,3,2000,"Chicago, IL 60616",479000.0
2,2,1225,"222 N Columbus Drive , 2808 Chicago, IL 60601",460000.0
2,2,1218,"2272 S Archer Avenue , 8A Chicago, IL 60616",350000.0
3,3,3400,"2537 W Moffat Street Chicago, IL 60647",1025000.0
7,2,3600,"1701 W Chase Avenue Chicago, IL 60626",899000.0
4,3,3870,"4343 N Richmond Avenue 1N Chicago, IL 60618",899000.0
4,3,3175,"4439 N Saint Louis Avenue Chicago, IL 60625",879000.0
3,3,3000,"3645 W Wrightwood Avenue Chicago, IL 60647",799900.0
