Bedrooms,Bathrooms,Square Footage,Address,Price
"2
beds",2,"1,250
sq.ft.","660 W Wayman Street , 701 Chicago, IL 60661","$530,000"
"4
beds",2,"3,020
sq.ft.","1917 N Lincoln Park West Chicago, IL 60614","$1,200,000"
"3
beds",2,"3,200
sq.ft.","3812 S Normal Avenue Chicago, IL 60609","$715,000"
"1
beds",1,"800
sq.ft.","1845 S Michigan Avenue 1602 Chicago, IL 60616","$265,000"
"2
beds",2,"1,500
sq.ft.","1452 W FULLERTON Avenue 2 Chicago, IL 60614","$485,000"
"1
beds",1,"800
sq.ft.","1918 S Michigan Avenue , 103 Chicago, IL 60616","$260,000"
"4
beds",2,"1,645
sq.ft.","7715 W Patterson Avenue Chicago, IL 60634","$429,900"
"3
beds",2,"1,415
sq.ft.","1255 N Orleans Court 1202 Chicago, IL 60610","$524,000"
"4
beds",3,"1,700
sq.ft.","6309 W Devon Avenue Chicago, IL 60646","$500,000"
"1
beds",1,"950
sq.ft.","825 N Hudson Avenue 1B Chicago, IL 60610","$369,000"
"1
beds",1,"1,000
sq.ft.","4618 N Racine Avenue 1R Chicago, IL 60640","$299,000"
"2
beds",2,"1,020
sq.ft.","1620 S Michigan Avenue 907 Chicago, IL 60616","$385,000"
"2
beds",1,"1,000
sq.ft.","5927 W Addison Street 2B Chicago, IL 60634","$182,000"
"2
beds",2,"1,300
sq.ft.","2901 S Michigan Avenue 1702 Chicago, IL 60616","$180,000"
"1
beds",1,"800
sq.ft.","1632 S INDIANA Avenue 506 Chicago, IL 60616","$242,000"
"6
beds",5,"6,300
sq.ft.","2730 N HARTLAND Court Chicago, IL 60614","$2,988,888"
"3
beds",2,"2,200
sq.ft.","8634 S Dorchester Avenue Chicago, IL 60619","$279,900"
"2
beds",1,"2,168
sq.ft.","6526 N Ponchartrain Boulevard Chicago, IL 60646","$495,000"
"2
beds",2,"1,070
sq.ft.","1901 S CALUMET Avenue 2712 Chicago, IL 60616","$425,000"
"5
beds",3,"3,415
sq.ft.","1333 E Madison Park Chicago, IL 60615","$1,400,000"
"5
beds",2,"2,600
sq.ft.","8343 S Calumet Avenue Chicago, IL 60619","$230,000"
"2
beds",2,"2,200
sq.ft.","505 N Lake Shore Drive 2206-2207 Chicago, IL 60611","$995,000"
"1
beds",1,"800
sq.ft.","6700 S South Shore Drive 2J Chicago, IL 60649","$123,500"
"3
beds",2,"2,200
sq.ft.","8634 S Dorchester Avenue Chicago, IL 60619","$299,900"
"3
beds",2,"1,500
sq.ft.","1467 W 73rd Street Chicago, IL 60636","$251,900"
"4
beds",2,"1,700
sq.ft.","5936 S Keeler Avenue Chicago, IL 60629","$359,999"
"2
beds",2,"1,323
sq.ft.","1629 S PRAIRIE Avenue 1402 Chicago, IL 60616","$484,900"
"1
beds",1,"606
sq.ft.","644 W Arlington Place 2J Chicago, IL 60614","$233,500"
"4
beds",3,"2,024
sq.ft.","218 N Mason Avenue Chicago, IL 60644","$574,900"
"4
beds",2,"2,187
sq.ft.","1844 N 75th Court Elmwood Park, IL 60707","$499,900"
"3
beds",2,"1,760
sq.ft.","6514 W FOSTER Avenue Chicago, IL 60656","$424,999"
"4
beds",2,"2,530
sq.ft.","5025 W Superior Street Chicago, IL 60644","$419,900"
"3
beds",2,"1,700
sq.ft.","3862 S Lake Park Avenue 3S Chicago, IL 60653","$370,000"
"3
beds",2,"1,400
sq.ft.","636 N Racine Avenue 2N Chicago, IL 60642","$550,000"
"2
beds",1,"1,700
sq.ft.","680 N Lake Shore Drive 1507 Chicago, IL 60611","$499,500"
"3
beds",2,"1,704
sq.ft.","1926 N Lincoln Park West 4B Chicago, IL 60614","$748,000"
"3
beds",3,"2,291
sq.ft.","4849 W Eddy Street Chicago, IL 60641","$325,000"
"3
beds",2,"1,669
sq.ft.","1400 W Monroe Street 4F Chicago, IL 60607","$1,100,000"
"3
beds",3,"2,637
sq.ft.","19 W 15th Street Chicago, IL 60605","$1,300,000"
"4
beds",2,"1,469
sq.ft.","9225 S SAGINAW Avenue Chicago, IL 60617","$334,900"
"5
beds",4,"3,594
sq.ft.","2216 W Greenleaf Avenue Chicago, IL 60645","$1,290,000"
"4
beds",3,"1,400
sq.ft.","8243 S Halsted Street Chicago, IL 60620","$262,999"
"2
beds",2,"1,327
sq.ft.","1550 N Lake Shore Drive 2A Chicago, IL 60610","$599,900"
"1
beds",1,"880
sq.ft.","6205 N Oakley Avenue 1 Chicago, IL 60659","$170,000"
"3
beds",2,"1,500
sq.ft.","4706 S Saint Lawrence Avenue 2W Chicago, IL 60615","$430,000"
"3
beds",2,"1,120
sq.ft.","12722 S Laflin Street Calumet Park, IL 60827","$230,000"
"5
beds",4,"5,200
sq.ft.","3708 N Greenview Avenue Chicago, IL 60613","$1,990,000"
"4
beds",3,"3,269
sq.ft.","2235 W Oakdale Avenue 3-D Chicago, IL 60618","$1,200,000"
"4
beds",3,"3,100
sq.ft.","1445 W Fry Street 3 Chicago, IL 60622","$1,175,000"
"2
beds",2,"1,600
sq.ft.","1537 N Clybourn Avenue D Chicago, IL 60610","$650,000"
"3
beds",2,"1,600
sq.ft.","474 N LAKE SHORE Drive 4808 Chicago, IL 60611","$555,000"
"2
beds",2,"1,228
sq.ft.","1517 W Augusta Boulevard 2 Chicago, IL 60642","$500,000"
"3
beds",3,"2,320
sq.ft.","2515 W Harrison Street 1 Chicago, IL 60612","$480,000"
"3
beds",2,"1,374
sq.ft.","4044 N Overhill Avenue Norridge, IL 60706","$465,000"
"3
beds",2,"1,308
sq.ft.","1941 N New England Avenue Chicago, IL 60707","$460,000"
"4
beds",2,"2,067
sq.ft.","7840 W Cressett Drive Elmwood Park, IL 60707","$439,900"
"2
beds",2,"1,550
sq.ft.","360 E Randolph Street 1805 Chicago, IL 60601","$425,000"
"3
beds",2,"1,900
sq.ft.","6342 N Sheridan Road 5B Chicago, IL 60660","$420,000"
"4
beds",3,"4,232
sq.ft.","1150 N Latrobe Avenue Chicago, IL 60651","$410,000"
"4
beds",2,"2,750
sq.ft.","5336 W Nelson Street Chicago, IL 60641","$405,500"
"2
beds",2,"1,100
sq.ft.","1720 S Michigan Avenue 1608 Chicago, IL 60616","$375,000"
"3
beds",2,"1,400
sq.ft.","4325 N Narragansett Avenue Chicago, IL 60634","$375,000"
"3
beds",2,"1,206
sq.ft.","3701 W 57th Place Chicago, IL 60629","$337,000"
"2
beds",2,"1,000
sq.ft.","1138 W Pratt Boulevard 2N Chicago, IL 60626","$330,000"
"3
beds",4,"1,800
sq.ft.","7658 S LAFAYETTE Avenue Chicago, IL 60620","$324,900"
"1
beds",1,"850
sq.ft.","345 N La Salle Drive 2702 Chicago, IL 60654","$323,000"
"2
beds",2,"1,100
sq.ft.","4716 W Addison Street 2W Chicago, IL 60641","$315,000"
"4
beds",2,"1,000
sq.ft.","8543 S Laflin Street Chicago, IL 60620","$309,900"
"1
beds",1,"876
sq.ft.","1464 S MICHIGAN Avenue 1510 Chicago, IL 60605","$295,900"
"3
beds",2,"2,300
sq.ft.","8004 S Ada Street Chicago, IL 60620","$282,500"
"2
beds",2,"1,700
sq.ft.","8109 S Woodlawn Avenue Chicago, IL 60619","$270,000"
"2
beds",2,"851
sq.ft.","5110 S Central Avenue Chicago, IL 60638","$259,873"
"5
beds",1,"1,800
sq.ft.","1449 W 72nd Street Chicago, IL 60636","$230,000"
"1
beds",1,"800
sq.ft.","3340 W Potomac Street 6 Chicago, IL 60651","$195,000"
"1
beds",1,"900
sq.ft.","4250 N Marine Drive 1104 Chicago, IL 60613","$189,900"
"3
beds",1,"942
sq.ft.","9105 S Parnell Avenue Chicago, IL 60620","$165,000"
"1
beds",1,"1,000
sq.ft.","12026 S Kildare Avenue 15 Alsip, IL 60803","$104,995"
"4
beds",4,"5,100
sq.ft.","3806 N Lowell Avenue Chicago, IL 60641","$2,299,000"
"4
beds",3,"4,300
sq.ft.","152 W Huron Street 5 Chicago, IL 60654","$2,050,000"
"4
beds",4,"3,659
sq.ft.","1340 W Chestnut Street 303 Chicago, IL 60642","$2,000,000"
"6
beds",4,"4,200
sq.ft.","3110 N Leavitt Street Chicago, IL 60618","$1,975,000"
"4
beds",3,"3,423
sq.ft.","2235 W Oakdale Avenue 15-C Chicago, IL 60618","$1,800,000"
"4
beds",3,"3,423
sq.ft.","2235 W Oakdale Avenue 14-A Chicago, IL 60618","$1,450,000"
"3
beds",3,"2,124
sq.ft.","600 N Lake Shore Drive 3411 Chicago, IL 60611","$1,299,500"
"1
beds",1,"2,000
sq.ft.","159 E Walton Place 5G Chicago, IL 60611","$995,000"
"3
beds",2,"1,790
sq.ft.","55 E Erie Street 2604 Chicago, IL 60611","$900,000"
"5
beds",3,"2,500
sq.ft.","2913 N Nordica Avenue Chicago, IL 60634","$629,000"
"2
beds",2,"1,436
sq.ft.","1000 W Adams Street 609 Chicago, IL 60607","$595,000"
"2
beds",2,"1,500
sq.ft.","2327 W Medill Avenue 2 Chicago, IL 60647","$549,000"
"5
beds",3,"3,100
sq.ft.","7022 W 64th Street Chicago, IL 60638","$480,000"
"2
beds",2,"1,437
sq.ft.","165 N Canal Street 1231 Chicago, IL 60606","$475,000"
"4
beds",3,"2,650
sq.ft.","5415 S Oak Park Avenue Chicago, IL 60638","$459,900"
"1
beds",1,"905
sq.ft.","860 W Blackhawk Street 2401 Chicago, IL 60642","$435,000"
"3
beds",2,"1,070
sq.ft.","5140 N Natoma Avenue Chicago, IL 60656","$429,900"
"3
beds",1,"1,600
sq.ft.","5924 N MAGNOLIA Avenue 2N Chicago, IL 60660","$425,000"
"5
beds",2,"1,302
sq.ft.","3128 N 76th Avenue Elmwood Park, IL 60707","$399,900"
"2
beds",2,"1,185
sq.ft.","701 S Wells Street 3105 Chicago, IL 60607","$390,000"
"3
beds",2,"1,350
sq.ft.","5514 W Potomac Avenue Chicago, IL 60651","$369,000"
"3
beds",2,"1,969
sq.ft.","3435 W 71st Place Chicago, IL 60629","$359,900"
"3
beds",1,"1,800
sq.ft.","2538 W Birchwood Avenue A Chicago, IL 60645","$335,000"
"3
beds",1,"1,125
sq.ft.","3942 W 85th Street Chicago, IL 60652","$324,500"
"3
beds",2,"1,763
sq.ft.","519 E 91st Street Chicago, IL 60619","$305,000"
"1
beds",1,"800
sq.ft.","600 N Kingsbury Street 904 Chicago, IL 60654","$299,999"
"1
beds",1,"995
sq.ft.","10 E Ontario Street 3609 Chicago, IL 60611","$290,000"
"2
beds",1,"967
sq.ft.","5536 S Monitor Avenue Chicago, IL 60638","$285,000"
"3
beds",2,"2,307
sq.ft.","10509 S Edbrooke Avenue Chicago, IL 60628","$279,000"
"1
beds",1,"744
sq.ft.","1560 N Sandburg Terrace 504J Chicago, IL 60610","$275,000"
"2
beds",2,"936
sq.ft.","825 N Kildare Avenue Chicago, IL 60651","$274,900"
"3
beds",1,"1,286
sq.ft.","12645 S Muskegon Avenue Chicago, IL 60633","$254,900"
"3
beds",2,"1,868
sq.ft.","10632 S Avenue J Chicago, IL 60617","$239,000"
"4
beds",2,"966
sq.ft.","10141 S Wallace Street Chicago, IL 60628","$219,900"
"1
beds",1,"950
sq.ft.","6121 N Sheridan Road 4A Chicago, IL 60660","$215,000"
"1
beds",1,"900
sq.ft.","230 E Ontario Street 705 Chicago, IL 60611","$209,900"
"2
beds",1,"900
sq.ft.","3524 N Lawndale Avenue 1G Chicago, IL 60618","$194,000"
"3
beds",2,"1,188
sq.ft.","8313 S Ingleside Avenue Chicago, IL 60619","$169,900"
"3
beds",1,"1,770
sq.ft.","10916 S Wabash Avenue Chicago, IL 60628","$75,000"
"2
beds",2,"2,366
sq.ft.","118 E Erie Street , 15A Chicago, IL 60611","$1,450,000"
"3
beds",2,"2,128
sq.ft.","11921 S Lavergne Avenue Alsip, IL 60803","$298,500"
"3
beds",2,"2,400
sq.ft.","8618 W Wilson Avenue Chicago, IL 60656","$599,900"
"3
beds",2,"1,900
sq.ft.","2716 N 73rd Avenue Elmwood Park, IL 60707","$469,900"
"5
beds",2,"2,300
sq.ft.","5336 S Harding Avenue Chicago, IL 60632","$365,000"
"3
beds",2,"1,121
sq.ft.","3553 W 77th Street Chicago, IL 60652","$325,000"
"2
beds",1,"980
sq.ft.","6950 W Forest Preserve Drive 316 Norridge, IL 60706","$289,900"
"3
beds",2,"1,400
sq.ft.","9536 S Woodlawn Avenue Chicago, IL 60628","$289,900"
"3
beds",3,"1,618
sq.ft.","10454 S CORLISS Avenue Chicago, IL 60628","$209,900"
"3
beds",2,"1,586
sq.ft.","5406 S Marshfield Avenue Chicago, IL 60609","$189,900"
"3
beds",2,"1,626
sq.ft.","5404 S Marshfield Avenue Chicago, IL 60609","$189,900"
"4
beds",1,"1,100
sq.ft.","6834 S CARPENTER Street Chicago, IL 60621","$182,500"
"3
beds",3,"1,224
sq.ft.","3333 N Olcott Avenue Chicago, IL 60634","$459,900"
"4
beds",3,"4,000
sq.ft.","3903 N Drake Avenue Chicago, IL 60618","$1,399,000"
"2
beds",2,"1,268
sq.ft.","234 W Polk Street 3202 Chicago, IL 60607","$775,000"
"2
beds",2,"1,310
sq.ft.","234 W Polk Street 3401 Chicago, IL 60607","$755,000"
"3
beds",2,"2,634
sq.ft.","6707 S Euclid Avenue Chicago, IL 60649","$524,999"
"3
beds",2,"1,141
sq.ft.","3724 S 60th Court Cicero, IL 60804","$395,000"
"3
beds",2,"1,577
sq.ft.","2827 N 77th Court Elmwood Park, IL 60707","$389,000"
"3
beds",2,"1,300
sq.ft.","6608 N Oconto Avenue Chicago, IL 60631","$369,900"
"3
beds",3,"1,900
sq.ft.","6824 W 65th Street 6 Chicago, IL 60638","$349,900"
"4
beds",3,"3,000
sq.ft.","10940 S Wallace Street Chicago, IL 60628","$319,900"
"4
beds",2,"2,120
sq.ft.","11326 S EGGLESTON Avenue Chicago, IL 60628","$272,700"
"2
beds",2,"1,100
sq.ft.","6301 N Sheridan Road 14E Chicago, IL 60660","$239,000"
"3
beds",2,"1,234
sq.ft.","6741 S Merrill Avenue 3S Chicago, IL 60649","$149,000"
"2
beds",1,"1,090
sq.ft.","9043 S Luella Avenue Chicago, IL 60617","$93,000"
"3
beds",1,"1,448
sq.ft.","7207 1/2 S Saint Lawrence Avenue Chicago, IL 60619","$89,900"
"4
beds",1,"2,500
sq.ft.","10042 S Emerald Avenue Chicago, IL 60628","$345,000"
"4
beds",3,"4,200
sq.ft.","1511 W Byron Street 1 Chicago, IL 60613","$1,699,000"
"3
beds",2,"1,800
sq.ft.","600 N Fairbanks Court 3501 Chicago, IL 60611","$1,200,000"
"2
beds",2,"1,758
sq.ft.","130 N Garland Court 3803 Chicago, IL 60602","$1,019,000"
"3
beds",2,"1,553
sq.ft.","211 N Harbor Drive 409 Chicago, IL 60601","$949,900"
"3
beds",3,"3,000
sq.ft.","535 N WOOD Street Chicago, IL 60622","$850,000"
"3
beds",3,"1,550
sq.ft.","1435 W Winnemac Avenue Chicago, IL 60640","$795,000"
"3
beds",3,"2,500
sq.ft.","4129 N Oketo Avenue Norridge, IL 60706","$775,000"
"3
beds",2,"1,905
sq.ft.","650 N Morgan Street 303 Chicago, IL 60642","$725,000"
"4
beds",3,"3,548
sq.ft.","5605 S MERRIMAC Avenue Chicago, IL 60638","$659,900"
"3
beds",2,"1,312
sq.ft.","1823 N Rockwell Street Chicago, IL 60647","$575,000"
"2
beds",2,"1,300
sq.ft.","2407 W Moffat Street 3 Chicago, IL 60647","$550,000"
"2
beds",2,"1,358
sq.ft.","195 N Harbor Drive 4408 Chicago, IL 60601","$540,000"
"2
beds",2,"1,262
sq.ft.","2650 N LAKEVIEW Avenue 509 Chicago, IL 60614","$530,000"
"2
beds",2,"1,300
sq.ft.","925 N Howe Street Chicago, IL 60610","$524,900"
"5
beds",4,"3,112
sq.ft.","601 E 32nd Street 210-211 Chicago, IL 60616","$450,000"
"3
beds",2,"2,400
sq.ft.","2500 N 74th Avenue 1S Elmwood Park, IL 60707","$444,900"
"2
beds",2,"1,254
sq.ft.","125 S Jefferson Street 3104 Chicago, IL 60661","$425,000"
"5
beds",1,"3,196
sq.ft.","41 N Lotus Avenue Chicago, IL 60644","$399,900"
"2
beds",2,"1,225
sq.ft.","222 N Columbus Drive 809 Chicago, IL 60601","$399,000"
"2
beds",2,"1,474
sq.ft.","Harwood Heights, IL 60706","$399,000"
"1
beds",2,"1,660
sq.ft.","2347 W Ohio Street 1 Chicago, IL 60612","$399,000"
"1
beds",1,"858
sq.ft.","155 N Harbor Drive 4505 Chicago, IL 60601","$350,000"
"1
beds",1,"1,200
sq.ft.","165 N CANAL Street 1304 Chicago, IL 60606","$339,000"
"3
beds",2,"1,487
sq.ft.","4816 S Harding Avenue Chicago, IL 60632","$339,000"
"3
beds",2,"1,300
sq.ft.","8110 S Chappel Avenue Chicago, IL 60617","$329,900"
"3
beds",2,"1,350
sq.ft.","3520 S 58th Court Cicero, IL 60804","$329,000"
"1
beds",1,"1,200
sq.ft.","3946 N RAVENSWOOD Avenue 305 Chicago, IL 60613","$324,000"
"3
beds",1,"1,300
sq.ft.","2935 W 100th Place Evergreen Park, IL 60805","$310,000"
"1
beds",1,"845
sq.ft.","70 W Burton Place 505F Chicago, IL 60610","$289,000"
"3
beds",1,"836
sq.ft.","2144 N 73rd Avenue Elmwood Park, IL 60707","$275,000"
"3
beds",2,"2,100
sq.ft.","601 E 32nd Street 210 Chicago, IL 60616","$275,000"
"2
beds",2,"1,700
sq.ft.","1015 W 103rd Place Chicago, IL 60643","$270,000"
"3
beds",1,"1,800
sq.ft.","530 E 91st Place Chicago, IL 60619","$269,800"
"2
beds",2,"1,104
sq.ft.","10453 S Kedzie Avenue B Chicago, IL 60655","$245,000"
"1
beds",1,"620
sq.ft.","2800 N Lake Shore Drive 613 Chicago, IL 60657","$199,000"
"3
beds",2,"1,062
sq.ft.","10434 S Green Street Chicago, IL 60643","$199,000"
"4
beds",2,"1,825
sq.ft.","2728 N Mont Clare Avenue Chicago, IL 60607","$175,000"
"2
beds",1,"903
sq.ft.","8615 S Aberdeen Street Chicago, IL 60620","$174,900"
"2
beds",2,"1,516
sq.ft.","5300 S Shore Drive 59 Chicago, IL 60615","$170,000"
"2
beds",1,"880
sq.ft.","2035 W Granville Avenue C414 Chicago, IL 60659","$159,000"
"1
beds",1,"750
sq.ft.","6301 N Sheridan Road 10F Chicago, IL 60660","$155,000"
"4
beds",2,"1,936
sq.ft.","7917 S Ellis Avenue Chicago, IL 60619","$155,000"
"1
beds",1,"796
sq.ft.","4800 S Chicago Beach Drive 702S Chicago, IL 60615","$149,900"
"1
beds",1,"800
sq.ft.","5040 N Marine Drive D3 Chicago, IL 60640","$129,900"
"2
beds",2,"1,298
sq.ft.","360 E Randolph Street , 1207 Chicago, IL 60601","$549,000"
"3
beds",2,"1,296
sq.ft.","11601 S Keeler Avenue Alsip, IL 60803","$229,900"
"5
beds",6,"7,800
sq.ft.","2480 N Lakeview Avenue Chicago, IL 60614","$5,199,000"
"5
beds",5,"4,949
sq.ft.","900 W Washington Boulevard PHW Chicago, IL 60607","$4,200,000"
"5
beds",4,"5,212
sq.ft.","6012 N Ionia Avenue Chicago, IL 60646","$2,395,000"
"3
beds",3,"4,200
sq.ft.","2113 W Huron Street Chicago, IL 60612","$1,575,000"
"4
beds",3,"3,500
sq.ft.","1835 W Wabansia Avenue Chicago, IL 60622","$1,399,000"
"3
beds",3,"1,878
sq.ft.","3727 N Paulina Street Chicago, IL 60613","$1,300,000"
"4
beds",3,"3,000
sq.ft.","3834 N Oakley Avenue Chicago, IL 60618","$1,250,000"
"4
beds",4,"4,700
sq.ft.","2324 W WABANSIA Avenue 5 Chicago, IL 60647","$1,200,000"
"5
beds",4,"4,550
sq.ft.","7319 W Ibsen Street Chicago, IL 60631","$1,179,900"
"2
beds",2,"1,384
sq.ft.","211 N Harbor Drive 2106 Chicago, IL 60601","$1,175,000"
"3
beds",3,"2,157
sq.ft.","130 N Garland Court 3501 Chicago, IL 60602","$1,000,000"
"2
beds",2,"1,650
sq.ft.","1017 W Washington Boulevard 4D Chicago, IL 60607","$925,000"
"4
beds",1,"1,764
sq.ft.","1255 W Argyle Street Chicago, IL 60640","$850,000"
"3
beds",2,"2,400
sq.ft.","3124 N Sacramento Avenue Chicago, IL 60618","$850,000"
"3
beds",2,"2,587
sq.ft.","1512 W HURON Street 1 Chicago, IL 60642","$825,000"
"3
beds",2,"2,100
sq.ft.","802 W Wolfram Street 3S Chicago, IL 60657","$799,000"
"2
beds",2,"1,610
sq.ft.","333 W HUBBARD Street 1004 Chicago, IL 60654","$750,000"
"3
beds",2,"1,700
sq.ft.","1711 W Division Street 304 Chicago, IL 60622","$750,000"
"3
beds",2,"2,000
sq.ft.","2126 W Armitage Avenue 4 Chicago, IL 60647","$700,000"
"4
beds",2,"2,675
sq.ft.","5429 S DREXEL Avenue Chicago, IL 60615","$700,000"
"4
beds",3,"2,200
sq.ft.","1035 W Taylor Street 1 Chicago, IL 60607","$699,000"
"3
beds",2,"1,500
sq.ft.","4814 N Damen Avenue 201 Chicago, IL 60625","$675,000"
"2
beds",2,"1,560
sq.ft.","1235 S Prairie Avenue 2805 Chicago, IL 60605","$649,900"
"2
beds",2,"1,750
sq.ft.","1632 W ERIE Street 3 Chicago, IL 60622","$649,000"
"4
beds",3,"2,000
sq.ft.","1955 W Melrose Street 1 Chicago, IL 60657","$645,000"
"5
beds",3,"2,500
sq.ft.","2913 N Nordica Avenue Chicago, IL 60634","$629,000"
"3
beds",1,"1,900
sq.ft.","5150 W Berteau Avenue Chicago, IL 60641","$625,000"
"3
beds",3,"3,000
sq.ft.","3920 N Lake Shore Drive 3S Chicago, IL 60613","$625,000"
"2
beds",2,"1,400
sq.ft.","2846 N Halsted Street 2N Chicago, IL 60657","$599,999"
"2
beds",2,"2,100
sq.ft.","1550 N State Parkway 501 Chicago, IL 60610","$595,000"
"2
beds",2,"1,401
sq.ft.","512 N McClurg Court 3304 Chicago, IL 60611","$550,000"
"3
beds",2,"1,750
sq.ft.","2335 N Commonwealth Avenue 2G Chicago, IL 60614","$550,000"
"3
beds",2,"1,134
sq.ft.","6249 N La Crosse Avenue Chicago, IL 60646","$549,900"
"2
beds",2,"1,225
sq.ft.","195 N Harbor Drive 4305 Chicago, IL 60601","$539,999"
"3
beds",2,"1,540
sq.ft.","117 S Bell Avenue 4S Chicago, IL 60612","$519,900"
"2
beds",2,"1,350
sq.ft.","195 N Harbor Drive 3508 Chicago, IL 60601","$499,000"
"1
beds",1,"1,100
sq.ft.","505 N Lake Shore Drive 5205 Chicago, IL 60611","$495,000"
"2
beds",2,"1,250
sq.ft.","520 N Halsted Street 502 Chicago, IL 60642","$470,000"
"4
beds",3,"2,650
sq.ft.","5415 S Oak Park Avenue Chicago, IL 60638","$459,900"
"2
beds",2,"1,350
sq.ft.","33 W Ontario Street 46A Chicago, IL 60654","$449,000"
"2
beds",2,"1,200
sq.ft.","222 N COLUMBUS Drive 1509 Chicago, IL 60601","$439,000"
"2
beds",1,"1,421
sq.ft.","629 W Buckingham Place 1 Chicago, IL 60657","$425,000"
"3
beds",3,"2,546
sq.ft.","1520 W 103rd Street Chicago, IL 60643","$414,873"
"3
beds",2,"1,100
sq.ft.","6322 W 63RD Place Chicago, IL 60638","$400,000"
"5
beds",3,"1,909
sq.ft.","5527 W Cornelia Avenue Chicago, IL 60641","$399,900"
"3
beds",2,"1,384
sq.ft.","4958 S LAMON Avenue Chicago, IL 60638","$399,000"
"3
beds",2,"1,500
sq.ft.","612 S WESTERN Avenue 3 Chicago, IL 60612","$399,000"
"5
beds",3,"3,200
sq.ft.","553 E 87th Place Chicago, IL 60619","$385,000"
"2
beds",2,"1,400
sq.ft.","1524 S Sangamon Street 507 Chicago, IL 60608","$350,000"
"2
beds",2,"1,200
sq.ft.","1360 N SANDBURG Terrace 2501C Chicago, IL 60610","$349,999"
"4
beds",2,"1,684
sq.ft.","3608 W 55th Place Chicago, IL 60629","$349,900"
"1
beds",1,"800
sq.ft.","1727 S Indiana Avenue 201 Chicago, IL 60616","$285,000"
"3
beds",2,"1,600
sq.ft.","4426 S Calumet Avenue G Chicago, IL 60653","$280,000"
"2
beds",1,"845
sq.ft.","1033 W 14th Place 130 Chicago, IL 60608","$279,900"
"3
beds",2,"2,066
sq.ft.","11529 S Kolin Avenue Alsip, IL 60803","$275,000"
"2
beds",1,"858
sq.ft.","3421 S 57th Court Cicero, IL 60804","$265,000"
"3
beds",2,"1,300
sq.ft.","8016 S Blackstone Avenue Chicago, IL 60619","$249,900"
"2
beds",1,"850
sq.ft.","655 W Irving Park Road 714 Chicago, IL 60613","$229,900"
"2
beds",1,"900
sq.ft.","4454 W Gunnison Street 1C Chicago, IL 60630","$215,000"
"1
beds",1,"729
sq.ft.","1460 N Sandburg Terrace 2008A Chicago, IL 60610","$199,900"
"2
beds",2,"1,500
sq.ft.","10537 S HALE Avenue 1W Chicago, IL 60643","$199,000"
"2
beds",2,"1,000
sq.ft.","6104 S Dorchester Avenue 2S Chicago, IL 60637","$195,000"
"4
beds",1,"1,065
sq.ft.","7517 S Honore Street Chicago, IL 60620","$185,500"
"2
beds",1,"1,275
sq.ft.","2128 W 111th Street F Chicago, IL 60643","$185,000"
"3
beds",1,"1,318
sq.ft.","13620 S Atlantic Avenue Riverdale, IL 60827","$179,900"
"3
beds",2,"1,329
sq.ft.","9258 S Bishop Street Chicago, IL 60620","$179,000"
"3
beds",1,"1,300
sq.ft.","9900 S Wallace Street Chicago, IL 60628","$160,000"
"1
beds",1,"875
sq.ft.","6133 N Hoyne Avenue 1 Chicago, IL 60659","$159,000"
"4
beds",2,"1,200
sq.ft.","6510 S Campbell Avenue Chicago, IL 60629","$130,500"
"2
beds",2,"964
sq.ft.","10826 S Buffalo Avenue Chicago, IL 60617","$120,000"
"2
beds",1,"968
sq.ft.","9220 S Avalon Avenue Chicago, IL 60619","$119,000"
"3
beds",2,"1,086
sq.ft.","9636 S Brennan Avenue Chicago, IL 60617","$60,000"
"2
beds",2,"1,130
sq.ft.","61 W 15th Street , 608 Chicago, IL 60605","$329,800"
"3
beds",2,"2,000
sq.ft.","7141 N Kedzie Avenue , 1515 Chicago, IL 60645","$315,000"
"5
beds",5,"5,500
sq.ft.","537 W Grant Place Chicago, IL 60614","$3,500,000"
"5
beds",5,"4,680
sq.ft.","1624 W Pierce Avenue Chicago, IL 60622","$2,600,000"
"4
beds",5,"5,200
sq.ft.","3920 N Bell Avenue Chicago, IL 60618","$2,499,900"
"6
beds",4,"5,400
sq.ft.","2642 N Wayne Avenue Chicago, IL 60614","$2,495,000"
"4
beds",5,"6,000
sq.ft.","1530 S State Street 18A-B Chicago, IL 60605","$2,100,000"
"5
beds",3,"4,350
sq.ft.","1619 N BELL Avenue Chicago, IL 60647","$1,825,000"
"4
beds",3,"3,500
sq.ft.","419 W Wellington Avenue 1 Chicago, IL 60657","$1,599,000"
"4
beds",3,"3,200
sq.ft.","550 N Saint Clair Street 2302 Chicago, IL 60611","$1,550,000"
"4
beds",3,"3,502
sq.ft.","2128 W OHIO Street Chicago, IL 60612","$1,399,000"
"4
beds",3,"4,500
sq.ft.","2912 N Commonwealth Avenue 10CD Chicago, IL 60657","$1,375,000"
"4
beds",3,"3,200
sq.ft.","706 W Briar Place 1 Chicago, IL 60657","$1,300,000"
"4
beds",4,"3,600
sq.ft.","952 N Racine Avenue Chicago, IL 60622","$1,250,000"
"4
beds",4,"3,200
sq.ft.","5251 N Paulina Street Chicago, IL 60640","$1,125,000"
"4
beds",4,"3,300
sq.ft.","2849 N Hermitage Avenue 24 Chicago, IL 60657","$1,100,000"
"3
beds",2,"2,157
sq.ft.","130 N Garland Court 3401 Chicago, IL 60602","$1,000,000"
"4
beds",2,"2,100
sq.ft.","2050 W WILLOW Street E Chicago, IL 60647","$989,000"
"3
beds",4,"2,815
sq.ft.","324 E 17th Street Chicago, IL 60616","$899,000"
"3
beds",2,"1,750
sq.ft.","4436 N western Avenue 4 Chicago, IL 60625","$875,000"
"3
beds",3,"2,200
sq.ft.","2729 N Sheffield Avenue 1S Chicago, IL 60614","$850,000"
"3
beds",2,"2,400
sq.ft.","522 N Western Avenue 201 Chicago, IL 60612","$839,000"
"4
beds",4,"4,400
sq.ft.","4504 N Keokuk Avenue Chicago, IL 60630","$819,000"
"3
beds",2,"2,050
sq.ft.","1622 W Julian Street 1 Chicago, IL 60622","$799,900"
"4
beds",3,"2,549
sq.ft.","5301 W Berteau Avenue Chicago, IL 60641","$775,000"
"3
beds",3,"2,112
sq.ft.","1407 S Plymouth Court Chicago, IL 60605","$737,000"
"6
beds",4,"3,900
sq.ft.","5529 W CORNELIA Avenue Chicago, IL 60641","$699,900"
"5
beds",3,"2,982
sq.ft.","6319 N Whipple Street Chicago, IL 60659","$699,000"
"3
beds",2,"1,475
sq.ft.","847 W Ainslie Street 1E Chicago, IL 60640","$679,000"
"3
beds",3,"3,028
sq.ft.","5912 W Grace Street Chicago, IL 60634","$649,900"
"2
beds",2,"1,169
sq.ft.","1000 W ADAMS Street 705 Chicago, IL 60607","$599,000"
"2
beds",2,"1,450
sq.ft.","1931 N DAMEN Avenue 2N Chicago, IL 60647","$549,995"
"2
beds",2,"1,500
sq.ft.","3056 N OAKLEY Avenue 3S Chicago, IL 60618","$549,900"
"4
beds",2,"1,836
sq.ft.","6118 N Kimball Avenue Chicago, IL 60659","$549,000"
"2
beds",2,"1,650
sq.ft.","2149 N Southport Avenue 1A Chicago, IL 60614","$525,000"
"2
beds",2,"1,373
sq.ft.","235 W VAN BUREN Street 4515 Chicago, IL 60607","$505,000"
"2
beds",2,"975
sq.ft.","901 W MADISON Street 816 Chicago, IL 60607","$475,000"
"2
beds",2,"1,225
sq.ft.","510 W Erie Street 1106 Chicago, IL 60654","$475,000"
"2
beds",2,"1,400
sq.ft.","1601 S MICHIGAN Avenue 502 Chicago, IL 60616","$475,000"
"5
beds",3,"1,814
sq.ft.","4048 N Marmora Avenue Chicago, IL 60630","$475,000"
"3
beds",2,"1,900
sq.ft.","1138 W Pratt Boulevard 1S Chicago, IL 60626","$474,900"
"3
beds",1,"1,960
sq.ft.","10829 S Longwood Drive Chicago, IL 60643","$460,000"
"2
beds",1,"1,181
sq.ft.","757 N Orleans Street 1704 Chicago, IL 60654","$450,000"
"4
beds",2,"2,593
sq.ft.","5820 W Race Avenue Chicago, IL 60644","$450,000"
"4
beds",3,"3,178
sq.ft.","7435 S INDIANA Avenue Chicago, IL 60619","$409,900"
"3
beds",2,"1,400
sq.ft.","4400 S Prairie Avenue 2 Chicago, IL 60653","$399,999"
"1
beds",1,"767
sq.ft.","125 S Green Street 202A Chicago, IL 60607","$399,900"
"4
beds",2,"1,458
sq.ft.","2112 N Latrobe Avenue Chicago, IL 60639","$399,000"
"3
beds",2,"1,939
sq.ft.","2061 W FARWELL Avenue 1 Chicago, IL 60645","$395,000"
"2
beds",1,"1,250
sq.ft.","1307 S Wabash Avenue 510 Chicago, IL 60605","$385,000"
"2
beds",2,"1,500
sq.ft.","5950 N Paulina Street 1E Chicago, IL 60660","$375,000"
"3
beds",2,"1,425
sq.ft.","6347 S Talman Avenue Chicago, IL 60629","$334,901"
"3
beds",2,"1,300
sq.ft.","4210 W Holmberg Court Alsip, IL 60803","$330,000"
"1
beds",1,"823
sq.ft.","233 E 13th Street 804 Chicago, IL 60605","$329,000"
"2
beds",1,"980
sq.ft.","1620 S Michigan Avenue 424 Chicago, IL 60616","$325,000"
"4
beds",3,"2,500
sq.ft.","7740 S Vernon Avenue Chicago, IL 60619","$325,000"
"3
beds",2,"1,500
sq.ft.","1241 W Rosemont Avenue GE Chicago, IL 60660","$289,900"
"1
beds",1,"1,007
sq.ft.","221 E Cullerton Street 406 Chicago, IL 60616","$280,000"
"4
beds",2,"2,100
sq.ft.","9101 S Wallace Street Chicago, IL 60620","$280,000"
"1
beds",1,"750
sq.ft.","440 N Mcclurg Court 805 Chicago, IL 60611","$275,000"
"4
beds",2,"1,600
sq.ft.","9146 S Greenwood Avenue Chicago, IL 60619","$269,000"
"4
beds",1,"1,800
sq.ft.","12552 S Harvard Avenue Chicago, IL 60628","$245,000"
"1
beds",1,"800
sq.ft.","211 E OHIO Street 1013 Chicago, IL 60611","$234,000"
"3
beds",2,"1,036
sq.ft.","1937 W Granville Avenue 1A-GE Chicago, IL 60660","$233,000"
"3
beds",2,"1,600
sq.ft.","3235 W Warren Boulevard 2 Chicago, IL 60624","$219,637"
"2
beds",2,"1,500
sq.ft.","4712 S Saint Lawrence Avenue 1 Chicago, IL 60615","$209,900"
"1
beds",1,"800
sq.ft.","4704 N Kasson Avenue 3 Chicago, IL 60630","$190,000"
"1
beds",1,"700
sq.ft.","5415 N Sheridan Road 5114 Chicago, IL 60640","$179,900"
"1
beds",1,"796
sq.ft.","4800 S Chicago Beach Drive 2502S Chicago, IL 60615","$150,000"
"2
beds",1,"1,223
sq.ft.","8131 S CALUMET Avenue Chicago, IL 60619","$150,000"
"2
beds",1,"900
sq.ft.","9814 S Eggleston Avenue Chicago, IL 60628","$130,000"
"2
beds",1,"850
sq.ft.","6704 S Ridgeland Avenue 1D Chicago, IL 60649","$125,000"
"2
beds",1,"910
sq.ft.","8142 S Drexel Avenue -G Chicago, IL 60619","$50,000"
"1
beds",1,"800
sq.ft.","1845 S Michigan Avenue 1808 Chicago, IL 60616",Price On Request
"3
beds",1,"851
sq.ft.","8548 S Colfax Avenue Chicago, IL 60617",Price On Request
"4
beds",1,"1,080
sq.ft.","5135 W George Street Chicago, IL 60641","$349,900"
"3
beds",1,"1,080
sq.ft.","7046 W 63rd Place Chicago, IL 60638","$337,000"
"2
beds",2,"2,610
sq.ft.","9 W Walton Street 601 Chicago, IL 60610","$3,150,000"
"6
beds",4,"5,000
sq.ft.","3619 N Hoyne Avenue Chicago, IL 60618","$2,695,000"
"3
beds",3,"3,660
sq.ft.","1708 N Maplewood Avenue Chicago, IL 60647","$1,995,000"
"3
beds",3,"6,000
sq.ft.","680 N Lake Shore Drive 1602 Chicago, IL 60611","$1,995,000"
"5
beds",3,"4,000
sq.ft.","2030 N LINCOLN Avenue AB Chicago, IL 60614","$1,800,000"
"3
beds",3,"2,650
sq.ft.","366 W Superior Street 501 Chicago, IL 60654","$1,799,999"
"3
beds",3,"2,273
sq.ft.","360 W Erie Street 5A Chicago, IL 60654","$1,449,995"
"2
beds",2,"2,200
sq.ft.","3150 N Lake Shore Drive 27F Chicago, IL 60657","$1,000,000"
"3
beds",2,"1,746
sq.ft.","1201 S Prairie Avenue 2703 Chicago, IL 60605","$999,999"
"5
beds",2,"3,371
sq.ft.","5468 S Ellis Avenue Chicago, IL 60615","$950,000"
"3
beds",3,"2,100
sq.ft.","1547 N LEAVITT Street 3S Chicago, IL 60622","$799,999"
"3
beds",2,"1,700
sq.ft.","1433 N Ashland Avenue 3W Chicago, IL 60622","$750,000"
"4
beds",3,"2,550
sq.ft.","942 N Harding Avenue Chicago, IL 60651","$689,900"
"4
beds",3,"2,550
sq.ft.","932 N Monticello Avenue Chicago, IL 60651","$689,900"
"3
beds",3,"2,212
sq.ft.","2152 N Tripp Avenue Chicago, IL 60639","$670,000"
"4
beds",3,"2,168
sq.ft.","4026 N Pittsburgh Avenue Chicago, IL 60634","$609,000"
"3
beds",2,"1,700
sq.ft.","2515 W Gunnison Street 3 Chicago, IL 60625","$599,900"
"4
beds",3,"2,960
sq.ft.","6617 N Whipple Street Chicago, IL 60645","$569,000"
"2
beds",2,"1,600
sq.ft.","551 W Melrose Street 1E Chicago, IL 60657","$524,900"
"2
beds",2,"1,200
sq.ft.","744 N May Street 201 Chicago, IL 60642","$439,900"
"2
beds",1,"900
sq.ft.","1800 W Roscoe Street 510 Chicago, IL 60657","$430,000"
"2
beds",2,"1,040
sq.ft.","1800 W Superior Street 3S Chicago, IL 60622","$424,900"
"2
beds",2,"1,250
sq.ft.","1307 S Wabash Avenue 402 Chicago, IL 60605","$389,000"
"1
beds",1,"800
sq.ft.","1735 W Diversey Parkway 520 Chicago, IL 60614","$375,000"
"2
beds",2,"1,200
sq.ft.","900 N Lake Shore Drive 912 Chicago, IL 60611","$375,000"
"2
beds",1,"822
sq.ft.","1117 W FRY Street 7 Chicago, IL 60642","$370,000"
"3
beds",1,"1,850
sq.ft.","3101 N 78th Avenue Elmwood Park, IL 60707","$369,900"
"2
beds",2,"1,100
sq.ft.","801 S Plymouth Court 602 Chicago, IL 60605","$349,000"
"1
beds",1,"930
sq.ft.","210 S DESPLAINES Street 504 Chicago, IL 60661","$340,000"
"3
beds",2,"1,080
sq.ft.","2758 N Newcastle Avenue Chicago, IL 60707","$339,900"
"3
beds",2,"1,800
sq.ft.","13319 S Mackinaw Avenue Chicago, IL 60633","$329,900"
"6
beds",3,"1,760
sq.ft.","8532 S HOUSTON Avenue Chicago, IL 60617","$319,000"
"3
beds",3,"2,400
sq.ft.","1541 W Asher Street Chicago, IL 60643","$319,000"
"1
beds",1,"650
sq.ft.","210 S Desplaines Street 402 Chicago, IL 60661","$317,500"
"2
beds",2,"1,500
sq.ft.","6033 N Sheridan Road 25K Chicago, IL 60660","$299,900"
"1
beds",1,"818
sq.ft.","545 N Dearborn Street 2803 Chicago, IL 60654","$299,000"
"3
beds",2,"2,058
sq.ft.","7359 S Constance Avenue Chicago, IL 60649","$289,000"
"1
beds",1,"750
sq.ft.","480 N McClurg Court 604 Chicago, IL 60611","$285,000"
"4
beds",2,"1,344
sq.ft.","5609 S Damen Avenue Chicago, IL 60636","$280,000"
"4
beds",2,"1,800
sq.ft.","707 E 93rd Street Chicago, IL 60619","$250,000"
"5
beds",2,"1,824
sq.ft.","6801 S Oakley Avenue Chicago, IL 60636","$239,900"
"1
beds",1,"900
sq.ft.","4250 N Marine Drive 1013 Chicago, IL 60613","$230,000"
"2
beds",2,"1,000
sq.ft.","5401 S Hyde Park Boulevard 705 Chicago, IL 60615","$225,000"
"3
beds",1,"1,292
sq.ft.","3609 S California Avenue Chicago, IL 60632","$220,000"
"4
beds",2,"1,534
sq.ft.","14220 S Wabash Avenue Riverdale, IL 60827","$215,000"
"1
beds",1,"815
sq.ft.","655 W Irving Park Road 4603 Chicago, IL 60613","$200,000"
"4
beds",1,"1,224
sq.ft.","8026 S Fairfield Avenue Chicago, IL 60652","$199,900"
"2
beds",1,"800
sq.ft.","5454 S Cornell Avenue 3W Chicago, IL 60615","$190,000"
"1
beds",1,"720
sq.ft.","655 W IRVING PARK Road 3711 Chicago, IL 60613","$185,000"
"3
beds",1,"1,124
sq.ft.","8332 S Hoyne Avenue Chicago, IL 60620","$180,000"
"2
beds",1,"1,044
sq.ft.","3946 N Merrimac Avenue Chicago, IL 60634","$175,000"
"1
beds",1,"771
sq.ft.","4858 W WARNER Avenue 2S Chicago, IL 60641","$170,000"
"2
beds",2,"1,300
sq.ft.","13916 S Dearborn Street Riverdale, IL 60827","$160,000"
"3
beds",1,"1,279
sq.ft.","6019 S Fairfield Avenue Chicago, IL 60629","$159,900"
"4
beds",1,"1,253
sq.ft.","12416 S Carpenter Street Calumet Park, IL 60827","$159,000"
"1
beds",2,"990
sq.ft.","7916 S East End Avenue Chicago, IL 60617","$116,650"
"4
beds",2,"962
sq.ft.","5436 W Monroe Street Chicago, IL 60644","$99,900"
"5
beds",2,"1,000
sq.ft.","6529 S Aberdeen Street Chicago, IL 60621","$80,000"
"1
beds",1,"950
sq.ft.","437 W Division Street , 505 Chicago, IL 60610","$319,900"
"2
beds",2,"1,500
sq.ft.","7033 N Kedzie Avenue , 504 Chicago, IL 60645","$169,900"
"4
beds",3,"5,500
sq.ft.","1913 N Howe Street Chicago, IL 60614","$3,150,000"
"6
beds",4,"5,500
sq.ft.","1522 W Wolfram Street Chicago, IL 60657","$2,100,000"
"4
beds",3,"3,200
sq.ft.","123 W Oak Street K Chicago, IL 60610","$1,440,000"
"3
beds",3,"2,161
sq.ft.","10 E Delaware Place 32E Chicago, IL 60611","$1,350,000"
"5
beds",3,"3,265
sq.ft.","4208 N Kedvale Avenue Chicago, IL 60641","$1,100,000"
"3
beds",2,"1,790
sq.ft.","55 E Erie Street 2604 Chicago, IL 60611","$1,000,000"
"3
beds",2,"2,150
sq.ft.","1212 N Lake Shore Drive 19AS Chicago, IL 60610","$975,000"
"3
beds",2,"2,400
sq.ft.","6 S LAFLIN Street 913 Chicago, IL 60607","$970,000"
"2
beds",2,"1,538
sq.ft.","118 E Erie Street 14B Chicago, IL 60611","$899,999"
"3
beds",2,"2,700
sq.ft.","1636 W Huron Street Chicago, IL 60622","$895,000"
"4
beds",3,"3,015
sq.ft.","4565 N Potawatomie Avenue Chicago, IL 60656","$799,000"
"3
beds",2,"1,750
sq.ft.","1122 N Dearborn Street 16H Chicago, IL 60610","$775,000"
"3
beds",2,"2,345
sq.ft.","727 S Dearborn Street 911 Chicago, IL 60605","$750,000"
"2
beds",2,"1,400
sq.ft.","843 W Adams Street 309 Chicago, IL 60607","$699,000"
"2
beds",2,"1,250
sq.ft.","1016 N Hermitage Avenue 2 Chicago, IL 60622","$639,000"
"3
beds",2,"1,350
sq.ft.","510 W Erie Street 801 Chicago, IL 60654","$635,000"
"2
beds",2,"1,850
sq.ft.","6 N MICHIGAN Avenue 1508 Chicago, IL 60602","$635,000"
"2
beds",2,"1,300
sq.ft.","1510 N Dearborn Parkway 303 Chicago, IL 60610","$624,500"
"2
beds",3,"2,200
sq.ft.","1505 N TALMAN Avenue 1 Chicago, IL 60622","$575,000"
"4
beds",2,"2,677
sq.ft.","9644 S Longwood Drive Chicago, IL 60643","$550,000"
"2
beds",2,"1,365
sq.ft.","630 N State Street 2108 Chicago, IL 60654","$549,990"
"2
beds",2,"1,400
sq.ft.","1530 N CLEVELAND Avenue 3 Chicago, IL 60610","$549,500"
"4
beds",3,"3,300
sq.ft.","2500 N 78 Court Elmwood Park, IL 60707","$524,900"
"3
beds",2,"1,525
sq.ft.","611 S Wells Street 1907 Chicago, IL 60607","$520,000"
"2
beds",2,"1,149
sq.ft.","303 W OHIO Street 1906 Chicago, IL 60654","$500,000"
"2
beds",2,"1,336
sq.ft.","130 N Garland Court 2206 Chicago, IL 60602","$499,999"
"3
beds",2,"1,350
sq.ft.","6755 N Hermitage Avenue 1 Chicago, IL 60626","$499,000"
"2
beds",2,"1,130
sq.ft.","101 W Superior Street 803 Chicago, IL 60654","$460,000"
"2
beds",1,"1,150
sq.ft.","1411 N Wells Street 3W Chicago, IL 60610","$448,000"
"2
beds",2,"1,207
sq.ft.","333 W Hubbard Street 607 Chicago, IL 60654","$439,900"
"2
beds",2,"1,520
sq.ft.","73 E 16th Street 2 Chicago, IL 60616","$435,000"
"2
beds",2,"1,076
sq.ft.","520 N Halsted Street 507 Chicago, IL 60642","$425,000"
"3
beds",1,"1,350
sq.ft.","3935 N Saint Louis Avenue Chicago, IL 60618","$399,900"
"2
beds",2,"1,102
sq.ft.","2545 S Dearborn Street 513 Chicago, IL 60616","$370,000"
"2
beds",2,"1,130
sq.ft.","900 N Lake Shore Drive 709 Chicago, IL 60611","$369,000"
"1
beds",1,"994
sq.ft.","1600 S PRAIRIE Avenue 1008 Chicago, IL 60616","$350,000"
"4
beds",2,"2,000
sq.ft.","5227 W Pensacola Avenue Chicago, IL 60641","$319,900"
"1
beds",1,"920
sq.ft.","512 N Mcclurg Court 1312 Chicago, IL 60611","$315,000"
"2
beds",2,"1,704
sq.ft.","4248 W 21st Street Chicago, IL 60623","$300,000"
"1
beds",1,"1,093
sq.ft.","10 E Ontario Street 4907 Chicago, IL 60611","$299,900"
"1
beds",1,"800
sq.ft.","1515 S Prairie Avenue 605 Chicago, IL 60605","$295,000"
"1
beds",1,"900
sq.ft.","405 N WABASH Avenue 2314 Chicago, IL 60611","$284,900"
"4
beds",1,"1,765
sq.ft.","8720 S Michigan Avenue Chicago, IL 60619","$284,000"
"3
beds",2,"1,300
sq.ft.","11218 S Ave G Chicago, IL 60617","$280,000"
"1
beds",1,"728
sq.ft.","1345 S Wabash Avenue 1008 Chicago, IL 60605","$270,000"
"4
beds",2,"966
sq.ft.","10141 S Wallace Street Chicago, IL 60628","$249,900"
"3
beds",2,"1,062
sq.ft.","8045 S Escanaba Avenue Chicago, IL 60617","$240,000"
"3
beds",1,"1,300
sq.ft.","11642 S Loomis Street Chicago, IL 60643","$231,999"
"4
beds",1,"1,200
sq.ft.","11409 S Throop Street Chicago, IL 60643","$230,000"
"3
beds",2,"1,120
sq.ft.","3905 W 71st Street Chicago, IL 60629","$220,000"
"2
beds",1,"1,097
sq.ft.","6612 W 64th Place 3W Chicago, IL 60638","$207,900"
"1
beds",1,"700
sq.ft.","2133 N Kedzie Avenue G Chicago, IL 60647","$189,900"
"3
beds",1,"1,075
sq.ft.","14129 S Hoxie Avenue Burnham, IL 60633","$185,000"
"1
beds",1,"824
sq.ft.","655 W Irving Park Road 3008 Chicago, IL 60613","$180,000"
"1
beds",1,"750
sq.ft.","4258 W Lawrence Avenue 3W Chicago, IL 60630","$155,000"
"2
beds",2,"1,297
sq.ft.","5050 S East End Avenue 7D Chicago, IL 60615","$150,000"
"2
beds",2,"839
sq.ft.","3808 W Washington Boulevard E1 Chicago, IL 60624","$130,000"
"3
beds",1,"1,389
sq.ft.","14425 S Emerald Avenue Riverdale, IL 60827","$125,000"
"2
beds",1,"1,067
sq.ft.","7740 S SEELEY Avenue Chicago, IL 60620","$119,900"
"1
beds",1,"800
sq.ft.","6301 N Sheridan Road 6D Chicago, IL 60660","$114,900"
"3
beds",2,"1,200
sq.ft.","13923 S Manistee Avenue Burnham, IL 60633","$90,000"
"1
beds",1,"800
sq.ft.","5148 S King Drive B3 Chicago, IL 60615","$87,000"
"3
beds",1,"880
sq.ft.","8613 S Colfax Avenue Chicago, IL 60617","$59,900"
"3
beds",1,"1,292
sq.ft.","545 W 29th Street Chicago, IL 60616","$369,998"
"3
beds",2,"2,080
sq.ft.","12603 S Michigan Avenue Chicago, IL 60628","$289,900"
"2
beds",2,"1,433
sq.ft.","1016 N Hermitage Avenue 3 Chicago, IL 60622","$819,000"
"5
beds",4,"4,012
sq.ft.","604 N Latrobe Avenue Chicago, IL 60644","$624,999"
"4
beds",3,"3,477
sq.ft.","7621 S Luella Avenue Chicago, IL 60649","$399,985"
"3
beds",2,"1,200
sq.ft.","2828 W 36th Place Chicago, IL 60632","$390,000"
"6
beds",3,"6,200
sq.ft.","7225 S Princeton Avenue Chicago, IL 60621","$275,000"
"3
beds",3,"1,654
sq.ft.","7811 S Ada Street Chicago, IL 60620","$200,000"
"2
beds",1,"950
sq.ft.","3115 N Nashville Avenue 2E Chicago, IL 60634","$199,900"
"1
beds",1,"905
sq.ft.","7061 N Kedzie Avenue 312 Chicago, IL 60645","$145,000"
"2
beds",1,"900
sq.ft.","5301 W Le Moyne Street 2 Chicago, IL 60651","$137,000"
"4
beds",3,"2,700
sq.ft.","2823 N OAKLEY Avenue D Chicago, IL 60618","$1,095,000"
"3
beds",2,"2,248
sq.ft.","3908 W 69th Place Chicago, IL 60629","$399,000"
"2
beds",2,"972
sq.ft.","10208 S California Avenue S Evergreen Park, IL 60805","$305,000"
"5
beds",2,"2,065
sq.ft.","250 W 119th Street Chicago, IL 60628","$275,000"
"3
beds",1,"1,022
sq.ft.","6129 S Parkside Avenue Chicago, IL 60638","$250,000"
"2
beds",2,"1,660
sq.ft.","12510 S Edbrooke Avenue Chicago, IL 60628","$249,900"
"4
beds",2,"2,774
sq.ft.","11433 S Wallace Street Chicago, IL 60628","$225,000"
"1
beds",1,"900
sq.ft.","5455 N Sheridan Road 2204 Chicago, IL 60640","$199,000"
"3
beds",1,"819
sq.ft.","4335 S Rockwell Street Chicago, IL 60632","$299,900"
"6
beds",3,"3,500
sq.ft.","2113 N Clark Street Chicago, IL 60614","$1,499,994"
"3
beds",3,"1,891
sq.ft.","111 S Peoria Street 309 Chicago, IL 60607","$1,169,900"
"3
beds",3,"1,778
sq.ft.","330 W Diversey Parkway 1407-09 Chicago, IL 60657","$825,000"
"3
beds",3,"2,800
sq.ft.","4914 S Washington Park Court Chicago, IL 60615","$634,900"
"3
beds",2,"1,900
sq.ft.","6145 N SHERIDAN Road 28D Chicago, IL 60660","$425,000"
"2
beds",1,"1,550
sq.ft.","5759 N Moody Avenue Chicago, IL 60646","$419,900"
"3
beds",2,"1,699
sq.ft.","3823 W Wabansia Avenue Chicago, IL 60647","$390,000"
"3
beds",2,"2,236
sq.ft.","3545 W 84th Place Chicago, IL 60652","$369,900"
"2
beds",2,"1,196
sq.ft.","Evergreen Park, IL 60805","$355,000"
"1
beds",1,"864
sq.ft.","330 N Jefferson Street 1002 Chicago, IL 60661","$349,000"
"1
beds",1,"1,100
sq.ft.","4616 N Kenmore Avenue 401 Chicago, IL 60640","$325,000"
"5
beds",2,"2,450
sq.ft.","5018 W 23RD Street Cicero, IL 60804","$325,000"
"3
beds",2,"1,830
sq.ft.","9332 S Francisco Avenue Evergreen Park, IL 60805","$310,000"
"2
beds",1,"2,825
sq.ft.","2816 S Loomis Street Chicago, IL 60608","$300,000"
"1
beds",1,"800
sq.ft.","2650 N Lakeview Avenue 2107 Chicago, IL 60614","$299,900"
"2
beds",1,"1,100
sq.ft.","1200 W Waveland Avenue B Chicago, IL 60613","$299,900"
"1
beds",1,"700
sq.ft.","10 E Ontario Street 1806 Chicago, IL 60611","$275,000"
"3
beds",2,"969
sq.ft.","9814 S Lowe Avenue Chicago, IL 60628","$275,000"
"1
beds",1,"716
sq.ft.","345 N La Salle Drive 205 Chicago, IL 60654","$259,000"
"3
beds",2,"2,010
sq.ft.","211 W 112th Place Chicago, IL 60628","$229,900"
"2
beds",1,"800
sq.ft.","2958 W Montrose Avenue 2 Chicago, IL 60618","$225,000"
"2
beds",1,"900
sq.ft.","345 E Eastgate Place 602 Chicago, IL 60616","$210,000"
"1
beds",1,"900
sq.ft.","6833 N Kedzie Avenue 1010 Chicago, IL 60645","$134,900"
"3
beds",2,"1,176
sq.ft.","445 W 125th Street Chicago, IL 60628","$100,000"
"2
beds",1,"673
sq.ft.","12234 S Normal Avenue Chicago, IL 60628","$48,500"
"4
beds",2,"2,215
sq.ft.","9630 S Yale Avenue Chicago, IL 60628",Price On Request
"3
beds",5,"4,002
sq.ft.","4156 N Leavitt Street Chicago, IL 60618","$2,099,000"
"4
beds",3,"3,885
sq.ft.","2235 W Oakdale Avenue 18-B Chicago, IL 60618","$2,000,000"
"5
beds",3,"4,800
sq.ft.","5316 N WAYNE Avenue Chicago, IL 60640","$1,699,900"
"3
beds",3,"3,052
sq.ft.","130 N Garland Court 1411 Chicago, IL 60602","$1,575,000"
"5
beds",3,"3,755
sq.ft.","1909 W George Street Chicago, IL 60657","$1,350,000"
"3
beds",2,"2,395
sq.ft.","2038 N Honore Street Chicago, IL 60614","$1,050,000"
"3
beds",2,"2,400
sq.ft.","433 N WELLS Street 502 Chicago, IL 60654","$985,000"
"4
beds",3,"2,781
sq.ft.","400 S Green Street 305 Chicago, IL 60607","$949,999"
"3
beds",2,"1,700
sq.ft.","1238 W Jackson Boulevard 3W Chicago, IL 60607","$749,900"
"2
beds",2,"1,361
sq.ft.","240 E Illinois Street 2206 Chicago, IL 60611","$739,900"
"4
beds",3,"3,575
sq.ft.","5650 W Grace Street Chicago, IL 60634","$715,000"
"2
beds",2,"1,400
sq.ft.","1667 N Bissell Street 3 Chicago, IL 60614","$674,900"
"3
beds",2,"1,650
sq.ft.","645 W Bittersweet Place 1 Chicago, IL 60613","$655,000"
"4
beds",3,"3,375
sq.ft.","5119 N KOSTNER Avenue Chicago, IL 60630","$599,999"
"3
beds",2,"1,650
sq.ft.","260 E CHESTNUT Street 3001 Chicago, IL 60611","$595,000"
"2
beds",2,"1,200
sq.ft.","345 N La Salle Drive 2501 Chicago, IL 60654","$549,000"
"3
beds",2,"1,208
sq.ft.","2307 N Avers Avenue 2 Chicago, IL 60647","$525,000"
"3
beds",3,"1,565
sq.ft.","4950 N Mason Avenue Chicago, IL 60630","$515,000"
"3
beds",3,"3,250
sq.ft.","400 N Trumbull Avenue Chicago, IL 60624","$485,000"
"2
beds",2,"1,302
sq.ft.","1213 N Noble Street 3 Chicago, IL 60642","$469,900"
"2
beds",2,"1,323
sq.ft.","1629 S PRAIRIE Avenue 1402 Chicago, IL 60616","$459,900"
"2
beds",2,"1,400
sq.ft.","815 N Marshfield Avenue 304 Chicago, IL 60622","$449,900"
"3
beds",2,"1,176
sq.ft.","3405 N Osage Avenue Chicago, IL 60634","$419,900"
"2
beds",2,"1,500
sq.ft.","8747 W Bryn Mawr Avenue 307 Chicago, IL 60631","$365,000"
"4
beds",2,"1,700
sq.ft.","3319 N Ozanam Avenue Chicago, IL 60634","$350,000"
"3
beds",2,"1,500
sq.ft.","2342 W Harrison Street 2 Chicago, IL 60612","$349,000"
"5
beds",2,"920
sq.ft.","917 N Keystone Avenue Chicago, IL 60651","$340,000"
"4
beds",2,"1,600
sq.ft.","9115 S May Street Chicago, IL 60620","$339,900"
"2
beds",2,"1,200
sq.ft.","4235 N Kedzie Avenue 3B Chicago, IL 60618","$335,000"
"1
beds",1,"884
sq.ft.","4715 N RACINE Avenue 405 Chicago, IL 60640","$325,000"
"2
beds",2,"1,800
sq.ft.","3926 W 66th Place Chicago, IL 60629","$315,000"
"2
beds",1,"1,052
sq.ft.","1224 W Van Buren Street 502 Chicago, IL 60607","$310,000"
"3
beds",3,"1,448
sq.ft.","3347 W 112th Place Chicago, IL 60655","$299,900"
"1
beds",1,"1,009
sq.ft.","411 W Ontario Street 427 Chicago, IL 60654","$290,000"
"2
beds",2,"1,100
sq.ft.","6150 N Kenmore Avenue 5D Chicago, IL 60660","$289,900"
"3
beds",2,"1,200
sq.ft.","8909 S Phillips Avenue Chicago, IL 60617","$289,900"
"3
beds",2,"1,700
sq.ft.","7825 S Saint Lawrence Avenue Chicago, IL 60619","$275,000"
"5
beds",2,"1,800
sq.ft.","1500 S Kenneth Avenue Chicago, IL 60623","$274,995"
"2
beds",2,"3,312
sq.ft.","9135 S Normal Avenue Chicago, IL 60620","$274,900"
"4
beds",2,"1,400
sq.ft.","8018 S Laflin Street Chicago, IL 60620","$249,000"
"1
beds",1,"750
sq.ft.","33 E Cedar Street 11A Chicago, IL 60611","$209,900"
"2
beds",1,"900
sq.ft.","5735 S Washtenaw Avenue Chicago, IL 60629","$199,900"
"1
beds",1,"850
sq.ft.","5757 N SHERIDAN Road 12D Chicago, IL 60660","$175,000"
"4
beds",2,"1,056
sq.ft.","5338 S Justine Street Chicago, IL 60609","$167,000"
"2
beds",1,"800
sq.ft.","4416 N Kostner Avenue 2B Chicago, IL 60630","$166,950"
"3
beds",1,"1,004
sq.ft.","4836 W Polk Street Chicago, IL 60644","$150,000"
"1
beds",1,"800
sq.ft.","4800 S Chicago Beach Drive 1814N Chicago, IL 60615","$117,000"
"3
beds",1,"945
sq.ft.","13749 S Wabash Avenue Riverdale, IL 60827","$39,999"
"2
beds",2,"1,300
sq.ft.","1345 W Fillmore Street , 3 Chicago, IL 60607","$379,900"
"1
beds",1,"850
sq.ft.","1935 S Archer Avenue , 314B Chicago, IL 60616","$260,000"
"4
beds",3,"4,808
sq.ft.","351 W Belden Avenue Chicago, IL 60614","$1,995,000"
"3
beds",2,"2,800
sq.ft.","314 W Menomonee Street Chicago, IL 60614","$1,825,000"
"3
beds",3,"3,382
sq.ft.","2047 W Race Avenue Chicago, IL 60612","$1,649,000"
"4
beds",3,"3,600
sq.ft.","610 W Oakdale Avenue Chicago, IL 60657","$1,600,000"
"4
beds",3,"3,100
sq.ft.","1445 W Fry Street 3 Chicago, IL 60622","$1,200,000"
"3
beds",4,"3,600
sq.ft.","455 W 38th Street Chicago, IL 60609","$1,150,000"
"4
beds",3,"3,600
sq.ft.","3818 N Christiana Avenue Chicago, IL 60618","$999,000"
"3
beds",3,"2,800
sq.ft.","1505 W SCHOOL Street 1 Chicago, IL 60657","$995,000"
"4
beds",3,"2,518
sq.ft.","3012 N Leavitt Street 1 Chicago, IL 60618","$950,000"
"5
beds",3,"3,600
sq.ft.","4932 S Martin Luther King Drive Chicago, IL 60653","$949,000"
"2
beds",3,"3,794
sq.ft.","1123 W 19th Street Chicago, IL 60608","$809,999"
"4
beds",3,"3,000
sq.ft.","708 N Rockwell Street Chicago, IL 60612","$799,900"
"4
beds",3,"3,135
sq.ft.","2823 S SHORT Street Chicago, IL 60608","$799,900"
"3
beds",3,"2,000
sq.ft.","843 W Diversey Parkway 1 Chicago, IL 60614","$799,000"
"3
beds",2,"1,700
sq.ft.","1242 W Jackson Boulevard 2W Chicago, IL 60607","$750,000"
"5
beds",3,"4,801
sq.ft.","4450 S Prairie Avenue Chicago, IL 60653","$724,999"
"2
beds",2,"1,500
sq.ft.","3532 N Fremont Street 3 Chicago, IL 60657","$599,900"
"2
beds",2,"1,600
sq.ft.","260 E Chestnut Street 2701 Chicago, IL 60611","$515,000"
"2
beds",2,"1,300
sq.ft.","939 W Madison Street 201 Chicago, IL 60607","$499,000"
"2
beds",2,"1,443
sq.ft.","1600 S Prairie Avenue 803 Chicago, IL 60616","$474,900"
"2
beds",2,"1,300
sq.ft.","525 W Superior Street 322 Chicago, IL 60654","$469,900"
"4
beds",3,"2,300
sq.ft.","1449 E 65th Place 1 Chicago, IL 60637","$469,800"
"1
beds",1,"1,000
sq.ft.","111 E Chestnut Street 39H Chicago, IL 60611","$425,000"
"3
beds",1,"1,600
sq.ft.","5924 N MAGNOLIA Avenue 2N Chicago, IL 60660","$425,000"
"3
beds",2,"2,000
sq.ft.","6125 N Hoyne Avenue 2S Chicago, IL 60659","$400,000"
"3
beds",2,"1,300
sq.ft.","1625 N 73rd Court Elmwood Park, IL 60707","$389,900"
"3
beds",2,"1,650
sq.ft.","3150 N Lake Shore Drive 8E Chicago, IL 60657","$389,000"
"3
beds",1,"1,800
sq.ft.","2020 W Lunt Avenue I Chicago, IL 60645","$379,000"
"2
beds",2,"1,400
sq.ft.","1111 S WABASH Avenue 1201 Chicago, IL 60605","$375,000"
"3
beds",1,"1,165
sq.ft.","7432 N Odell Avenue Chicago, IL 60631","$374,900"
"3
beds",3,"2,000
sq.ft.","612 W 46th Place Chicago, IL 60609","$374,900"
"3
beds",3,"1,500
sq.ft.","8721 S Loomis Street Chicago, IL 60620","$320,900"
"2
beds",2,"1,000
sq.ft.","3410 N Lake Shore Drive 3D Chicago, IL 60657","$299,900"
"3
beds",2,"1,500
sq.ft.","2247 N Laramie Avenue Chicago, IL 60639","$299,900"
"4
beds",1,"1,200
sq.ft.","6903 S Ada Street Chicago, IL 60636","$290,000"
"1
beds",1,"750
sq.ft.","3550 N Lake Shore Drive 224 Chicago, IL 60657","$285,000"
"1
beds",1,"696
sq.ft.","235 W VAN BUREN Street 4206 Chicago, IL 60607","$275,000"
"1
beds",1,"1,000
sq.ft.","801 S Wells Street 904 Chicago, IL 60607","$265,000"
"3
beds",2,"1,261
sq.ft.","13939 S Manistee Avenue Burnham, IL 60633","$248,000"
"1
beds",1,"770
sq.ft.","200 N Dearborn Street 3008 Chicago, IL 60601","$240,000"
"3
beds",1,"1,012
sq.ft.","7715 S Kilpatrick Avenue Chicago, IL 60652","$240,000"
"1
beds",1,"800
sq.ft.","1460 N Sandburg Terrace 1910A Chicago, IL 60610","$230,000"
"1
beds",1,"719
sq.ft.","1720 S Michigan Avenue 205 Chicago, IL 60616","$219,900"
"2
beds",2,"1,259
sq.ft.","1601 N 76th Court 307 Elmwood Park, IL 60707","$219,900"
"2
beds",1,"850
sq.ft.","4909 N Avers Avenue 3 Chicago, IL 60625","$215,000"
"2
beds",1,"810
sq.ft.","4964 N Spaulding Avenue 2 Chicago, IL 60625","$205,000"
"1
beds",1,"675
sq.ft.","230 E Ontario Street 2004 Chicago, IL 60611","$189,000"
"2
beds",1,"850
sq.ft.","822 E Drexel Square 1 Chicago, IL 60615","$189,000"
"3
beds",1,"900
sq.ft.","6238 N Leavitt Street 2S Chicago, IL 60659","$180,000"
"1
beds",1,"720
sq.ft.","20 E GOETHE Street 203 Chicago, IL 60610","$179,900"
"3
beds",1,"1,123
sq.ft.","5611 S WHIPPLE Street Chicago, IL 60629","$150,000"
"3
beds",1,"798
sq.ft.","2037 W 69th Place Chicago, IL 60636","$139,900"
"1
beds",1,"800
sq.ft.","6255 S Mason Avenue 3B Chicago, IL 60638","$139,900"
"2
beds",1,"800
sq.ft.","2656 W Fitch Avenue GW Chicago, IL 60645","$139,900"
"5
beds",2,"2,200
sq.ft.","7533 S Eberhart Avenue Chicago, IL 60619","$139,900"
"3
beds",1,"1,552
sq.ft.","7521 S Parnell Avenue Chicago, IL 60620","$109,900"
"3
beds",2,"1,200
sq.ft.","10616 S Lafayette Avenue Chicago, IL 60628","$90,000"
"4
beds",2,"1,530
sq.ft.","54 E 137th Place Riverdale, IL 60827","$74,900"
"3
beds",2,"1,535
sq.ft.","2955 E 80th Place Chicago, IL 60617","$64,900"
"3
beds",3,"3,050
sq.ft.","1040 N LAKE SHORE Drive 7C Chicago, IL 60611","$1,795,000"
"4
beds",4,"3,500
sq.ft.","1827 W Fletcher Street Chicago, IL 60657","$1,600,000"
"3
beds",2,"1,885
sq.ft.","57 E Delaware Place 1605 Chicago, IL 60611","$1,099,888"
"2
beds",2,"1,786
sq.ft.","55 E Erie Avenue 1504 Chicago, IL 60611","$849,900"
"3
beds",3,"3,552
sq.ft.","1042 W 34th Place Chicago, IL 60608","$795,000"
"2
beds",1,"1,485
sq.ft.","73 E Elm Street 1B Chicago, IL 60611","$740,000"
"5
beds",3,"3,000
sq.ft.","5815 N Merrimac Avenue Chicago, IL 60646","$670,000"
"1
beds",2,"1,350
sq.ft.","1140 W Newport Avenue H Chicago, IL 60657","$649,999"
"2
beds",2,"1,800
sq.ft.","1122 W Newport Avenue 1A Chicago, IL 60657","$649,900"
"2
beds",2,"1,400
sq.ft.","1849 N Cleveland Avenue 3N Chicago, IL 60614","$645,000"
"1
beds",2,"4,685
sq.ft.","9980 S Malta Street Chicago, IL 60643","$625,000"
"2
beds",2,"1,312
sq.ft.","1703 N Sheffield Avenue 2 Chicago, IL 60614","$600,000"
"5
beds",3,"2,700
sq.ft.","4249 N Central Park Avenue Chicago, IL 60618","$559,900"
"3
beds",1,"1,360
sq.ft.","3426 W WRIGHTWOOOD Avenue Chicago, IL 60647","$495,000"
"2
beds",2,"1,279
sq.ft.","545 N Dearborn Street 1107 Chicago, IL 60654","$469,500"
"2
beds",2,"1,275
sq.ft.","1400 S Michigan Avenue 2303 Chicago, IL 60605","$450,000"
"2
beds",2,"1,300
sq.ft.","5 E 14th Place 1401 Chicago, IL 60605","$449,999"
"3
beds",2,"1,760
sq.ft.","6514 W FOSTER Avenue Chicago, IL 60656","$449,999"
"2
beds",2,"1,201
sq.ft.","2317 W Wolfram Street 211 Chicago, IL 60618","$429,000"
"4
beds",2,"2,300
sq.ft.","9535 S Fairfield Avenue Evergreen Park, IL 60805","$419,000"
"4
beds",2,"2,750
sq.ft.","5336 W Nelson Street Chicago, IL 60641","$415,700"
"3
beds",3,"1,400
sq.ft.","3449 N Oak Park Avenue Chicago, IL 60634","$409,999"
"3
beds",2,"1,600
sq.ft.","1115 S PLYMOUTH Court 303 Chicago, IL 60605","$399,990"
"2
beds",2,"1,107
sq.ft.","2451 W Foster Avenue 1 Chicago, IL 60625","$365,000"
"1
beds",1,"744
sq.ft.","111 S MORGAN Street 422 Chicago, IL 60607","$350,000"
"1
beds",1,"850
sq.ft.","1000 W ADAMS Street 420 Chicago, IL 60607","$345,000"
"4
beds",2,"1,016
sq.ft.","7240 S Oakley Avenue Chicago, IL 60636","$340,000"
"1
beds",1,"850
sq.ft.","435 W Erie Street 1805 Chicago, IL 60654","$314,900"
"1
beds",1,"835
sq.ft.","222 N Columbus Drive 3810 Chicago, IL 60601","$313,000"
"1
beds",1,"1,050
sq.ft.","200 E Delaware Place 15E Chicago, IL 60611","$310,000"
"3
beds",3,"2,500
sq.ft.","6914 S Cregier Avenue Chicago, IL 60649","$300,000"
"4
beds",2,"1,446
sq.ft.","6146 S Normandy Avenue Chicago, IL 60638","$297,400"
"4
beds",3,"1,018
sq.ft.","6722 S Honore Street Chicago, IL 60636","$290,000"
"4
beds",2,"2,237
sq.ft.","7617 S Wabash Avenue Chicago, IL 60619","$274,900"
"3
beds",3,"3,136
sq.ft.","8841 S JUSTINE Street Chicago, IL 60620","$265,000"
"3
beds",2,"1,200
sq.ft.","844 E 40th Street A2 Chicago, IL 60653","$259,900"
"2
beds",2,"1,000
sq.ft.","6142 W 63rd Street 3W Chicago, IL 60638","$249,900"
"3
beds",1,"1,122
sq.ft.","732 N Springfield Avenue Chicago, IL 60624","$249,900"
"3
beds",1,"1,176
sq.ft.","2601 W 98th Place Evergreen Park, IL 60805","$219,900"
"2
beds",2,"1,200
sq.ft.","4731 S Ingleside Avenue C3 Chicago, IL 60615","$219,900"
"1
beds",1,"900
sq.ft.","740 S Federal Street 804 Chicago, IL 60605","$219,500"
"1
beds",1,"585
sq.ft.","40 E 9th Street 614 Chicago, IL 60605","$215,000"
"2
beds",1,"1,000
sq.ft.","1700 W Jarvis Avenue B Chicago, IL 60626","$195,000"
"2
beds",1,"900
sq.ft.","6019 S Archer Avenue 2S Chicago, IL 60638","$160,000"
"1
beds",1,"750
sq.ft.","5975 N Odell Avenue 4A Chicago, IL 60631","$150,000"
"3
beds",1,"1,125
sq.ft.","14526 S Dearborn Street Riverdale, IL 60827","$149,900"
"2
beds",1,"800
sq.ft.","10602 S Walden Parkway 2W Chicago, IL 60643","$135,500"
"4
beds",1,"1,012
sq.ft.","7310 S OAKLEY Avenue Chicago, IL 60636","$119,900"
"1
beds",1,"1,250
sq.ft.","12109 S PRINCETON Avenue Chicago, IL 60628","$54,900"
"1
beds",1,"1,314
sq.ft.","401 N Wabash Avenue , 39G Chicago, IL 60611","$669,000"
"3
beds",4,"2,893
sq.ft.","211 N Harbor Drive 3302 Chicago, IL 60601","$2,510,000"
"3
beds",3,"2,840
sq.ft.","2035 N Orleans Street 2N Chicago, IL 60614","$1,995,000"
"4
beds",4,"3,126
sq.ft.","1929 S Prairie Avenue Chicago, IL 60616","$1,550,000"
"5
beds",3,"3,500
sq.ft.","1531 N Wood Street Chicago, IL 60622","$1,499,999"
"3
beds",3,"2,143
sq.ft.","1120 W Adams Street 5W Chicago, IL 60607","$1,175,000"
"3
beds",3,"3,700
sq.ft.","3618 N Richmond Street Chicago, IL 60618","$1,135,000"
"2
beds",2,"1,573
sq.ft.","900 W Washington Boulevard 402 Chicago, IL 60607","$949,995"
"3
beds",3,"2,855
sq.ft.","5843 N Oconto Avenue Chicago, IL 60631","$899,000"
"3
beds",3,"3,600
sq.ft.","5141 W Dakin Street Chicago, IL 60641","$849,900"
"5
beds",3,"4,139
sq.ft.","3443 S Indiana Avenue Chicago, IL 60616","$849,000"
"3
beds",2,"1,718
sq.ft.","1258 N MILWAUKEE Avenue 3S Chicago, IL 60622","$799,500"
"3
beds",2,"2,445
sq.ft.","331 E 17th Street Chicago, IL 60616","$779,000"
"4
beds",3,"2,787
sq.ft.","3342 S Giles Avenue Chicago, IL 60616","$725,000"
"4
beds",2,"2,778
sq.ft.","4710 N Ashland Avenue Chicago, IL 60640","$699,900"
"1
beds",1,"1,023
sq.ft.","10 E Delaware Place 14A Chicago, IL 60611","$679,000"
"1
beds",1,"970
sq.ft.","2550 N Lakeview Avenue S907 Chicago, IL 60614","$675,000"
"4
beds",3,"2,159
sq.ft.","1538 W 34th Street G Chicago, IL 60608","$530,000"
"2
beds",2,"1,481
sq.ft.","1435 N Sedgwick Street 3 Chicago, IL 60610","$499,900"
"3
beds",2,"1,800
sq.ft.","909 W Gunnison Street 2E Chicago, IL 60640","$495,000"
"3
beds",2,"1,450
sq.ft.","1715 W Leland Avenue 1 Chicago, IL 60640","$485,000"
"4
beds",2,"1,600
sq.ft.","834 W BELLE PLAINE Avenue 3W Chicago, IL 60613","$475,000"
"2
beds",2,"1,361
sq.ft.","33 W Ontario Street 40D Chicago, IL 60654","$450,000"
"3
beds",4,"3,912
sq.ft.","7711 S Ridgeland Avenue Chicago, IL 60649","$450,000"
"2
beds",2,"1,250
sq.ft.","1849 W NORTH Avenue 10 Chicago, IL 60622","$449,900"
"2
beds",2,"1,600
sq.ft.","110 E Delaware Place 2004 Chicago, IL 60611","$449,000"
"2
beds",1,"1,600
sq.ft.","4622 N PAULINA Street Chicago, IL 60640","$424,500"
"5
beds",2,"2,350
sq.ft.","2947 N 77th Court Elmwood Park, IL 60707","$424,500"
"4
beds",3,"4,232
sq.ft.","1150 N Latrobe Avenue Chicago, IL 60651","$410,000"
"2
beds",2,"1,100
sq.ft.","111 W Maple Street 2403 Chicago, IL 60610","$399,900"
"3
beds",2,"2,107
sq.ft.","9046 S Racine Avenue Chicago, IL 60620","$395,000"
"2
beds",2,"1,100
sq.ft.","345 W FULLERTON Parkway 1006 Chicago, IL 60614","$385,000"
"2
beds",2,"1,157
sq.ft.","330 W Diversey Parkway 906 Chicago, IL 60657","$350,000"
"2
beds",2,"1,310
sq.ft.","4833 N OLCOTT Avenue 501 Harwood Heights, IL 60706","$350,000"
"2
beds",2,"1,300
sq.ft.","3448 W NORTH Avenue PH Chicago, IL 60647","$349,500"
"3
beds",3,"1,600
sq.ft.","8934 S Justine Street Chicago, IL 60620","$340,000"
"2
beds",2,"888
sq.ft.","235 W Van Buren Street 2904 Chicago, IL 60607","$339,900"
"2
beds",2,"980
sq.ft.","2837 N 72nd Court Elmwood Park, IL 60707","$329,900"
"3
beds",2,"2,210
sq.ft.","8816 S Constance Avenue Chicago, IL 60617","$295,000"
"2
beds",1,"800
sq.ft.","3434 N Pacific Avenue Chicago, IL 60634","$270,000"
"1
beds",1,"950
sq.ft.","2000 N LINCOLN PARK WEST Parkway 314 Chicago, IL 60614","$269,500"
"1
beds",1,"720
sq.ft.","1255 S STATE Street 1305 Chicago, IL 60605","$264,900"
"3
beds",2,"2,178
sq.ft.","4953 S Laramie Avenue Chicago, IL 60638","$249,000"
"3
beds",1,"1,200
sq.ft.","8823 S Wallace Street Chicago, IL 60620","$240,000"
"2
beds",2,"1,100
sq.ft.","2118 W 35th Street 2 Chicago, IL 60609","$238,000"
"3
beds",2,"960
sq.ft.","12446 S Honore Street Calumet Park, IL 60827","$235,000"
"3
beds",3,"2,600
sq.ft.","6901 S Oglesby Avenue 3A Chicago, IL 60649","$234,900"
"1
beds",1,"1,000
sq.ft.","899 S PLYMOUTH Court 1408 Chicago, IL 60605","$229,000"
"1
beds",1,"740
sq.ft.","880 N LAKE SHORE Drive 17D Chicago, IL 60611","$225,000"
"3
beds",2,"1,163
sq.ft.","14116 S Hoxie Avenue Burnham, IL 60633","$219,999"
"4
beds",2,"2,400
sq.ft.","648 E 92nd Place Chicago, IL 60619","$219,900"
"3
beds",1,"1,200
sq.ft.","10123 S Luella Avenue Chicago, IL 60617","$209,900"
"3
beds",2,"1,380
sq.ft.","6811 S Bishop Street Chicago, IL 60636","$209,900"
"1
beds",1,"750
sq.ft.","6030 N SHERIDAN Road 803 Chicago, IL 60660","$169,900"
"2
beds",1,"850
sq.ft.","346 E 41st Street 2 Chicago, IL 60653","$124,900"
"3
beds",2,"1,750
sq.ft.","4520 S King Drive , 4B Chicago, IL 60653","$399,900"
"2
beds",2,"909
sq.ft.","4539 S Mozart Street Chicago, IL 60632","$150,000"
"2
beds",2,"1,390
sq.ft.","10 E Ontario Street 4902 Chicago, IL 60611","$499,500"
"3
beds",1,"1,165
sq.ft.","3601 S 57th Court Cicero, IL 60804","$349,900"
"4
beds",3,"2,200
sq.ft.","8848 S Bishop Street Chicago, IL 60620","$344,900"
"4
beds",2,"1,100
sq.ft.","10155 S Indiana Avenue Chicago, IL 60628","$289,900"
"4
beds",2,"2,681
sq.ft.","11521 S Aberdeen Street Chicago, IL 60643","$273,900"
"3
beds",1,"1,700
sq.ft.","12837 S Green Street Chicago, IL 60643","$205,000"
"5
beds",2,"1,750
sq.ft.","10511 S yates Avenue Chicago, IL 60617","$74,900"
"3
beds",2,"2,200
sq.ft.","224 W Saint Paul Avenue 1 Chicago, IL 60614","$799,000"
"4
beds",4,"1,984
sq.ft.","5818 W Dakin Street Chicago, IL 60634","$795,000"
"3
beds",2,"1,805
sq.ft.","2859 N Halsted Street 203 Chicago, IL 60657","$785,000"
"2
beds",2,"1,042
sq.ft.","5004 N Nagle Avenue Chicago, IL 60630","$450,000"
"3
beds",2,"1,757
sq.ft.","4636 W Patterson Avenue Chicago, IL 60641","$399,000"
"5
beds",3,"2,906
sq.ft.","612 E 88th Place Chicago, IL 60619","$379,000"
"2
beds",2,"1,200
sq.ft.","5455 N Sheridan Road 3702 Chicago, IL 60640","$350,000"
"1
beds",1,"800
sq.ft.","1460 N Sandburg Terrace 2408 Chicago, IL 60610","$324,950"
"3
beds",2,"1,800
sq.ft.","8532 S Prairie Avenue Chicago, IL 60619","$314,900"
"1
beds",1,"735
sq.ft.","1901 S Calumet Avenue 611 Chicago, IL 60616","$280,000"
"2
beds",2,"897
sq.ft.","10133 S Aberdeen Street Chicago, IL 60643","$279,000"
"1
beds",1,"800
sq.ft.","1221 N Dearborn Street 1407N Chicago, IL 60610","$239,995"
"2
beds",1,"800
sq.ft.","10602 S Walden Parkway 1W Chicago, IL 60643","$129,999"
"3
beds",2,"1,098
sq.ft.","7002 S Hermitage Avenue Chicago, IL 60636","$105,000"
"3
beds",1,"1,044
sq.ft.","620 W 111th Street Chicago, IL 60628","$81,000"
"4
beds",4,"5,000
sq.ft.","3633 N Claremont Avenue Chicago, IL 60618","$2,499,000"
"5
beds",3,"4,200
sq.ft.","4845 N Bell Avenue Chicago, IL 60625","$2,350,000"
"3
beds",2,"1,982
sq.ft.","363 E Wacker Drive 2201 Chicago, IL 60601","$1,700,000"
"3
beds",3,"2,700
sq.ft.","223 W LAKE Street 4N Chicago, IL 60606","$1,225,000"
"3
beds",3,"3,308
sq.ft.","223 W LAKE Street 2S Chicago, IL 60606","$1,175,000"
"3
beds",3,"2,700
sq.ft.","223 W LAKE Street 3N Chicago, IL 60606","$1,100,000"
"4
beds",2,"2,860
sq.ft.","431 W Saint James Place Chicago, IL 60614","$1,099,000"
"3
beds",2,"1,600
sq.ft.","3910 N Fremont Street I Chicago, IL 60613","$615,000"
"3
beds",3,"1,773
sq.ft.","5950 W Eastwood Avenue Chicago, IL 60630","$529,000"
"2
beds",2,"1,350
sq.ft.","622 N Rockwell Street 404 Chicago, IL 60612","$499,900"
"2
beds",2,"1,150
sq.ft.","111 S Morgan Street 415 Chicago, IL 60607","$499,500"
"3
beds",1,"2,400
sq.ft.","6034 W 60th Street Chicago, IL 60638","$489,900"
"3
beds",1,"1,664
sq.ft.","1311 W Flournoy Street Chicago, IL 60607","$469,999"
"2
beds",2,"1,390
sq.ft.","10 E Ontario Street 4306 Chicago, IL 60611","$454,500"
"4
beds",3,"2,156
sq.ft.","3425 W Carroll Avenue Chicago, IL 60624","$450,000"
"1
beds",1,"821
sq.ft.","600 N FAIRBANKS Court 1306 Chicago, IL 60611","$449,000"
"4
beds",2,"2,070
sq.ft.","2017 N Newcastle Avenue Chicago, IL 60707","$430,000"
"2
beds",2,"1,300
sq.ft.","2658 W GUNNISON Street 1 Chicago, IL 60625","$360,000"
"1
beds",1,"858
sq.ft.","155 N Harbor Drive 1305 Chicago, IL 60601","$325,000"
"2
beds",3,"1,600
sq.ft.","3206 W Berwyn Avenue 1 Chicago, IL 60625","$324,900"
"1
beds",1,"744
sq.ft.","1560 N Sandburg Terrace 504J Chicago, IL 60610","$285,000"
"1
beds",1,"800
sq.ft.","401 E ONTARIO Street 1904 Chicago, IL 60611","$283,900"
"1
beds",1,"858
sq.ft.","6 S Laflin Street 615S Chicago, IL 60607","$275,000"
"2
beds",2,"900
sq.ft.","5417 S Melvina Avenue 301 Chicago, IL 60638","$275,000"
"2
beds",2,"1,100
sq.ft.","1617 W Fargo Avenue 2N Chicago, IL 60626","$275,000"
"2
beds",2,"1,300
sq.ft.","2336 W HARRISON Street 4 Chicago, IL 60612","$265,000"
"2
beds",2,"1,100
sq.ft.","7616 W Lawrence Avenue 3A Harwood Heights, IL 60706","$259,111"
"1
beds",1,"550
sq.ft.","450 W Briar Place 7L Chicago, IL 60657","$199,000"
"1
beds",1,"750
sq.ft.","5100 N Marine Drive 5E Chicago, IL 60640","$187,000"
"2
beds",2,"1,500
sq.ft.","Chicago, IL 60628","$181,000"
"4
beds",2,"1,340
sq.ft.","7644 S Vernon Avenue Chicago, IL 60619","$174,150"
"3
beds",2,"1,500
sq.ft.","9149 S Aberdeen Street Chicago, IL 60620","$170,000"
"2
beds",1,"1,490
sq.ft.","7011 S East End Avenue A Chicago, IL 60649","$139,900"
"2
beds",1,"1,490
sq.ft.","7011 S East End Avenue H Chicago, IL 60649","$139,900"
"2
beds",1,"1,490
sq.ft.","7011 S East End Avenue F Chicago, IL 60649","$129,900"
"3
beds",1,"861
sq.ft.","4743 W Fulton Street Chicago, IL 60644","$121,500"
"5
beds",1,"1,057
sq.ft.","1301 W 71st Place Chicago, IL 60636","$118,750"
"2
beds",2,"1,686
sq.ft.","3428 W 107th Street Chicago, IL 60655",Price On Request
"4
beds",2,"1,704
sq.ft.","7112 S Rhodes Avenue Chicago, IL 60619",Price On Request
"3
beds",1,"2,000
sq.ft.","5832 N Sacramento Avenue Chicago, IL 60659","$444,900"
"4
beds",1,"2,500
sq.ft.","10042 S Emerald Avenue Chicago, IL 60628","$349,999"
"6
beds",4,"5,004
sq.ft.","839 W Webster Avenue Chicago, IL 60614","$3,450,000"
"4
beds",3,"4,500
sq.ft.","1919 N SHEFFIELD Avenue 3 Chicago, IL 60614","$1,999,900"
"3
beds",4,"5,020
sq.ft.","333 W Hubbard Street 1006 Chicago, IL 60654","$1,975,000"
"4
beds",4,"4,200
sq.ft.","3057 N Leavitt Avenue Chicago, IL 60618","$1,799,900"
"4
beds",3,"3,285
sq.ft.","807 W Castlewood Terrace Chicago, IL 60640","$1,399,000"
"3
beds",2,"1,898
sq.ft.","5114 S Kenwood Avenue PHA Chicago, IL 60615","$1,100,000"
"3
beds",4,"2,618
sq.ft.","3621 N Richmond Street Chicago, IL 60618","$999,999"
"3
beds",3,"2,347
sq.ft.","448 W Oak Street Chicago, IL 60610","$995,000"
"3
beds",3,"2,500
sq.ft.","917 W Altgeld Street 3 Chicago, IL 60614","$900,000"
"2
beds",2,"1,850
sq.ft.","1212 N Lake Shore Drive 12CN Chicago, IL 60610","$899,000"
"2
beds",2,"1,600
sq.ft.","1855 N HALSTED Street 3W Chicago, IL 60614","$875,000"
"3
beds",2,"1,770
sq.ft.","1943 N BISSELL Street B Chicago, IL 60614","$775,000"
"2
beds",2,"1,630
sq.ft.","65 E Monroe Street 4521 Chicago, IL 60603","$769,000"
"2
beds",2,"1,520
sq.ft.","1122 N Dearborn Street 10A Chicago, IL 60610","$725,000"
"3
beds",3,"1,850
sq.ft.","632 W BARRY Avenue 1S Chicago, IL 60657","$700,000"
"3
beds",2,"1,830
sq.ft.","2136 W Belmont Avenue 2 Chicago, IL 60618","$699,900"
"4
beds",2,"2,452
sq.ft.","5736 N Kerbs Avenue Chicago, IL 60646","$699,000"
"3
beds",2,"1,900
sq.ft.","2300 W Armitage Avenue 10 Chicago, IL 60647","$670,000"
"4
beds",4,"2,032
sq.ft.","2719 N 74th Court Elmwood Park, IL 60707","$595,000"
"3
beds",2,"1,500
sq.ft.","1310 N Western Avenue 3N Chicago, IL 60622","$579,000"
"3
beds",2,"1,570
sq.ft.","1717 S Prairie Avenue 2105 Chicago, IL 60616","$575,000"
"2
beds",2,"1,395
sq.ft.","474 N Lake Shore Drive 6102 Chicago, IL 60611","$567,070"
"2
beds",2,"1,386
sq.ft.","1629 S Prairie Avenue 2206 Chicago, IL 60616","$540,000"
"4
beds",2,"3,000
sq.ft.","4137 N NARRAGANSETT Avenue 8 Chicago, IL 60634","$519,900"
"2
beds",2,"1,200
sq.ft.","500 W Superior Street 1202 Chicago, IL 60654","$515,000"
"3
beds",2,"1,381
sq.ft.","221 E Cullerton Street 417 Chicago, IL 60616","$500,000"
"2
beds",2,"1,800
sq.ft.","2310 W Nelson Street 101 Chicago, IL 60618","$499,900"
"2
beds",2,"1,800
sq.ft.","233 E ERIE Street 2500 Chicago, IL 60611","$499,000"
"3
beds",2,"2,216
sq.ft.","959 W 37th Street 7 Chicago, IL 60609","$499,000"
"2
beds",2,"1,600
sq.ft.","1216 W Augusta Boulevard 1 Chicago, IL 60642","$489,900"
"2
beds",2,"1,735
sq.ft.","7727 W Jerome Street Chicago, IL 60631","$489,000"
"2
beds",2,"1,200
sq.ft.","1856 W Armitage Avenue 2 Chicago, IL 60622","$479,000"
"3
beds",2,"1,201
sq.ft.","8014 W Summerdale Avenue Chicago, IL 60656","$475,000"
"3
beds",1,"1,868
sq.ft.","2031 N 76th Court Elmwood Park, IL 60707","$464,900"
"2
beds",2,"1,226
sq.ft.","1600 S Prairie Avenue 1204 Chicago, IL 60616","$450,000"
"3
beds",1,"1,432
sq.ft.","670 W Irving Park Road G6 Chicago, IL 60613","$449,000"
"2
beds",2,"1,300
sq.ft.","4507 N Campbell Avenue 3 Chicago, IL 60625","$425,000"
"2
beds",2,"1,500
sq.ft.","3561 W Lyndale Street 2E Chicago, IL 60647","$425,000"
"2
beds",2,"1,200
sq.ft.","2848 N ALBANY Avenue 2S Chicago, IL 60618","$424,900"
"2
beds",2,"1,250
sq.ft.","1329 W Fillmore Street 3 Chicago, IL 60607","$404,000"
"2
beds",2,"1,300
sq.ft.","125 E 13TH Street 1002 Chicago, IL 60605","$400,000"
"4
beds",2,"2,500
sq.ft.","12820 S Blossom Drive Alsip, IL 60803","$399,974"
"1
beds",1,"1,071
sq.ft.","160 E Illinois Street 1605 Chicago, IL 60611","$399,000"
"4
beds",2,"1,560
sq.ft.","5649 W School Street Chicago, IL 60634","$397,000"
"1
beds",1,"1,005
sq.ft.","333 W Hubbard Street 608 Chicago, IL 60654","$395,000"
"4
beds",2,"1,984
sq.ft.","2245 N Kilbourn Avenue Chicago, IL 60639","$382,500"
"1
beds",1,"826
sq.ft.","420 E Waterside Drive 1302 Chicago, IL 60601","$360,000"
"2
beds",2,"1,200
sq.ft.","1645 W Ogden Avenue 516 Chicago, IL 60612","$359,900"
"2
beds",2,"856
sq.ft.","10605 S Troy Street Chicago, IL 60655","$335,000"
"2
beds",2,"950
sq.ft.","3052 W 107th Street Chicago, IL 60655","$325,000"
"3
beds",2,"1,248
sq.ft.","4223 W 82nd Street Chicago, IL 60652","$320,000"
"5
beds",2,"1,621
sq.ft.","9945 S California Avenue Chicago, IL 60655","$319,900"
"4
beds",2,"2,502
sq.ft.","10151 S Avenue M Chicago, IL 60617","$315,000"
"3
beds",1,"1,732
sq.ft.","844 Prospect Street Elgin, IL 60644","$304,999"
"1
beds",1,"937
sq.ft.","770 W Gladys Avenue 204 Chicago, IL 60661","$300,000"
"1
beds",1,"980
sq.ft.","3600 N Lake Shore Drive 2412 Chicago, IL 60613","$300,000"
"3
beds",1,"1,500
sq.ft.","5238 S Hamlin Avenue Chicago, IL 60632","$299,950"
"1
beds",1,"720
sq.ft.","600 N Dearborn Street 710 Chicago, IL 60654","$299,900"
"2
beds",1,"850
sq.ft.","3550 N LAKE Shore Drive 810 Chicago, IL 60657","$299,000"
"3
beds",3,"1,700
sq.ft.","1700 E 56th Street 801 Chicago, IL 60637","$280,000"
"2
beds",1,"701
sq.ft.","1952 W George Street 1 Chicago, IL 60657","$264,900"
"1
beds",1,"900
sq.ft.","1500 W Monroe Street 117 Chicago, IL 60607","$255,000"
"1
beds",1,"718
sq.ft.","811 S Lytle Street 205 Chicago, IL 60607","$239,000"
"2
beds",1,"900
sq.ft.","3950 N Lake Shore Drive 2209 Chicago, IL 60613","$229,900"
"2
beds",1,"910
sq.ft.","1618 W Columbia Avenue 1N Chicago, IL 60626","$219,000"
"4
beds",2,"1,750
sq.ft.","8018 S Bennett Avenue Chicago, IL 60617","$215,000"
"3
beds",2,"2,100
sq.ft.","8605 S Dorchester Avenue Chicago, IL 60619","$204,900"
"4
beds",1,"1,328
sq.ft.","7815 S Emerald Avenue Chicago, IL 60620","$199,900"
"1
beds",1,"850
sq.ft.","5320 N Sheridan Road 1007 Chicago, IL 60640","$199,000"
"3
beds",2,"1,877
sq.ft.","734 E 42nd Street Chicago, IL 60653","$180,000"
"2
beds",1,"1,000
sq.ft.","5515 S Hoyne Avenue Chicago, IL 60636","$169,900"
"1
beds",1,"850
sq.ft.","4624 N Commons Drive 104 Chicago, IL 60656","$165,000"
"2
beds",1,"1,058
sq.ft.","5024 W Van Buren Street D Chicago, IL 60644","$165,000"
"2
beds",1,"500
sq.ft.","11345 S Ada Street Chicago, IL 60643","$160,000"
"3
beds",2,"1,248
sq.ft.","8439 S Ada Street Chicago, IL 60620","$139,900"
"3
beds",1,"1,320
sq.ft.","8728 S Elizabeth Street Chicago, IL 60620","$99,900"
"1
beds",1,"815
sq.ft.","33 W Ontario Street , 20C Chicago, IL 60654","$299,000"
"1
beds",1,"700
sq.ft.","222 N Columbus Drive , 606 Chicago, IL 60601","$259,900"
"5
beds",4,"6,031
sq.ft.","2120 N Lincoln Park West 5-6 Chicago, IL 60614","$4,995,000"
"2
beds",2,"2,030
sq.ft.","800 N Michigan Avenue 2102 Chicago, IL 60611","$1,450,000"
"3
beds",3,"3,000
sq.ft.","2102 S May Street Chicago, IL 60608","$1,275,000"
"4
beds",2,"3,800
sq.ft.","2300 N Monticello Avenue Chicago, IL 60647","$995,000"
"3
beds",3,"3,000
sq.ft.","2104 S May Street Chicago, IL 60608","$989,000"
"3
beds",3,"2,600
sq.ft.","334 N JEFFERSON Street D Chicago, IL 60661","$925,000"
"3
beds",3,"3,100
sq.ft.","4728 N Malden Avenue 1S Chicago, IL 60640","$799,900"
"2
beds",2,"1,268
sq.ft.","234 W Polk Street 3002 Chicago, IL 60607","$765,000"
"3
beds",3,"1,374
sq.ft.","1718 N Clybourn Avenue 1 Chicago, IL 60614","$725,000"
"3
beds",2,"1,500
sq.ft.","846 W ALDINE Avenue 2 Chicago, IL 60657","$724,900"
"2
beds",2,"1,165
sq.ft.","234 W Polk Street 2412 Chicago, IL 60607","$695,000"
"2
beds",2,"1,111
sq.ft.","234 W Polk Street 2804 Chicago, IL 60607","$650,000"
"2
beds",2,"1,085
sq.ft.","234 W Polk Street 2810 Chicago, IL 60607","$625,000"
"4
beds",3,"2,500
sq.ft.","3240 N California Avenue 1N Chicago, IL 60618","$625,000"
"4
beds",3,"2,500
sq.ft.","4530 N MAGNOLIA Avenue 3S Chicago, IL 60640","$619,000"
"2
beds",2,"1,450
sq.ft.","530 N LAKE SHORE Drive 2408 Chicago, IL 60611","$550,000"
"2
beds",2,"1,500
sq.ft.","2221 N Lincoln Avenue 1N Chicago, IL 60614","$550,000"
"4
beds",3,"2,750
sq.ft.","4250 N Marine Drive 1622 Chicago, IL 60613","$524,999"
"2
beds",2,"1,153
sq.ft.","333 W Hubbard Street 3M Chicago, IL 60654","$520,000"
"3
beds",2,"1,372
sq.ft.","8001 W Giddings Street Norridge, IL 60706","$520,000"
"2
beds",2,"1,700
sq.ft.","720 S Dearborn Street 1105 Chicago, IL 60605","$499,999"
"2
beds",2,"1,350
sq.ft.","1444 N Orleans Street 6J Chicago, IL 60610","$489,000"
"4
beds",3,"5,176
sq.ft.","3100 N Newcastle Avenue Chicago, IL 60634","$480,000"
"5
beds",3,"1,123
sq.ft.","5705 S Mayfield Avenue Chicago, IL 60638","$450,000"
"2
beds",2,"1,380
sq.ft.","208 W Washington Street 711 Chicago, IL 60606","$439,900"
"2
beds",2,"1,250
sq.ft.","1400 S Michigan Avenue 1504 Chicago, IL 60605","$430,000"
"2
beds",2,"1,150
sq.ft.","345 W Fullerton Parkway 503 Chicago, IL 60614","$425,000"
"3
beds",2,"1,550
sq.ft.","4913 N Ashland Avenue 2 Chicago, IL 60640","$419,000"
"3
beds",2,"961
sq.ft.","4919 N Oketo Avenue Harwood Heights, IL 60706","$417,000"
"2
beds",2,"1,293
sq.ft.","1530 S State Street 17P Chicago, IL 60605","$415,000"
"4
beds",3,"3,095
sq.ft.","7747 S Rhodes Avenue Chicago, IL 60619","$369,900"
"1
beds",1,"1,100
sq.ft.","331 S Peoria Street 401 Chicago, IL 60607","$350,000"
"3
beds",2,"1,669
sq.ft.","3631 S 61st Avenue Cicero, IL 60804","$350,000"
"1
beds",1,"950
sq.ft.","210 S Desplaines Street 1110 Chicago, IL 60661","$349,900"
"4
beds",3,"1,400
sq.ft.","3229 W 65TH Place Chicago, IL 60629","$349,900"
"4
beds",2,"1,561
sq.ft.","1801 N 72nd Court Elmwood Park, IL 60707","$339,000"
"2
beds",1,"1,200
sq.ft.","1316 W Fargo Avenue 308 Chicago, IL 60626","$315,000"
"2
beds",1,"935
sq.ft.","3340 N Pioneer Avenue Chicago, IL 60634","$314,900"
"4
beds",2,"3,741
sq.ft.","8059 S Morgan Street Chicago, IL 60620","$310,000"
"3
beds",1,"2,150
sq.ft.","5121 S Trumbull Avenue Chicago, IL 60632","$299,900"
"3
beds",2,"1,200
sq.ft.","7943 S Blackstone Avenue Chicago, IL 60619","$290,000"
"3
beds",1,"1,000
sq.ft.","6328 S Kostner Avenue Chicago, IL 60629","$285,000"
"1
beds",1,"914
sq.ft.","600 S Dearborn Street 1603 Chicago, IL 60605","$279,000"
"4
beds",2,"2,021
sq.ft.","11212 S Hermosa Avenue Chicago, IL 60643","$279,000"
"4
beds",2,"1,200
sq.ft.","9315 S Clyde Avenue Chicago, IL 60617","$275,000"
"4
beds",2,"896
sq.ft.","5203 S Kilpatrick Avenue Chicago, IL 60632","$270,000"
"3
beds",2,"1,153
sq.ft.","6954 S Prairie Avenue Chicago, IL 60637","$269,900"
"3
beds",2,"1,160
sq.ft.","446 E 95th Street Chicago, IL 60619","$268,000"
"1
beds",1,"706
sq.ft.","195 N HARBOR Drive 207 Chicago, IL 60601","$265,000"
"2
beds",1,"866
sq.ft.","1048 W Foster Avenue C Chicago, IL 60640","$265,000"
"1
beds",1,"900
sq.ft.","850 N DEWITT Place 11D Chicago, IL 60611","$220,000"
"3
beds",1,"1,513
sq.ft.","750 W 144th Street Riverdale, IL 60827","$219,000"
"4
beds",2,"2,108
sq.ft.","7526 S Merrill Avenue Chicago, IL 60649","$200,000"
"2
beds",2,"850
sq.ft.","1171 E 61st Street 3 Chicago, IL 60637","$190,000"
"2
beds",1,"979
sq.ft.","3658 W 79th Place Chicago, IL 60652","$190,000"
"3
beds",1,"1,200
sq.ft.","2149 E 90th Street Chicago, IL 60617","$189,900"
"2
beds",1,"1,020
sq.ft.","7600 S Euclid Avenue Chicago, IL 60649","$189,000"
"2
beds",1,"1,300
sq.ft.","6101 N Sheridan Road 14C Chicago, IL 60660","$189,000"
"3
beds",1,"1,246
sq.ft.","733 E 90th Street Chicago, IL 60619","$188,900"
"1
beds",1,"750
sq.ft.","6030 N Sheridan Road 1810 Chicago, IL 60660","$180,000"
"2
beds",2,"1,600
sq.ft.","8135 S Muskegon Avenue Chicago, IL 60617","$169,000"
"1
beds",1,"830
sq.ft.","6301 N Sheridan Road 2U Chicago, IL 60660","$135,000"
"2
beds",2,"1,035
sq.ft.","7424 S Blackstone Avenue Chicago, IL 60619","$135,000"
"2
beds",1,"974
sq.ft.","722 E 105th Street Chicago, IL 60628","$120,000"
"4
beds",1,"1,378
sq.ft.","9037 S Ada Street Chicago, IL 60620","$100,000"
"4
beds",2,"1,800
sq.ft.","6725 S Prairie Avenue Chicago, IL 60637","$94,900"
"5
beds",2,"1,496
sq.ft.","1221 E 72nd Place Chicago, IL 60619","$25,000"
"3
beds",1,"1,280
sq.ft.","9412 S Millard Avenue Evergreen Park, IL 60805","$309,900"
"3
beds",2,"1,150
sq.ft.","12727 S Page Street Calumet Park, IL 60827","$179,950"
"3
beds",1,"731
sq.ft.","11534 S Peoria Street Chicago, IL 60643","$125,000"
"5
beds",3,"3,500
sq.ft.","443 W Aldine Street 3 Chicago, IL 60657","$1,750,000"
"5
beds",4,"4,200
sq.ft.","1745 W Cornelia Avenue Chicago, IL 60657","$1,674,900"
"3
beds",3,"2,035
sq.ft.","1242 N Lake Shore Drive 4N Chicago, IL 60610","$1,050,000"
"3
beds",3,"3,225
sq.ft.","2960 N Allen Avenue Chicago, IL 60618","$1,050,000"
"3
beds",3,"2,200
sq.ft.","313 S Racine Avenue 4B Chicago, IL 60607","$999,999"
"3
beds",2,"1,820
sq.ft.","1400 W Monroe Street 5E Chicago, IL 60607","$950,000"
"2
beds",2,"2,000
sq.ft.","990 N Lake Shore Drive 7C Chicago, IL 60611","$799,000"
"3
beds",2,"2,712
sq.ft.","2430 W Cortez Street 1 Chicago, IL 60622","$749,900"
"3
beds",2,"2,100
sq.ft.","750 N Noble Street B Chicago, IL 60642","$700,000"
"2
beds",2,"1,297
sq.ft.","125 S Green Street 603A Chicago, IL 60607","$640,000"
"3
beds",2,"1,343
sq.ft.","1008 W Barry Avenue Chicago, IL 60657","$600,000"
"5
beds",3,"2,800
sq.ft.","11236 S Lawler Avenue Alsip, IL 60803","$599,000"
"2
beds",2,"2,200
sq.ft.","4431 N Paulina Street 1S Chicago, IL 60640","$595,000"
"1
beds",1,"1,244
sq.ft.","340 E Randolph Street 1106 Chicago, IL 60601","$555,000"
"2
beds",2,"1,295
sq.ft.","201 N Westshore Drive 2508 Chicago, IL 60601","$535,000"
"2
beds",2,"1,250
sq.ft.","700 N LARRABEE Street 1308 Chicago, IL 60654","$525,000"
"4
beds",2,"2,860
sq.ft.","8118 W COURTLAND Avenue Norridge, IL 60706","$509,000"
"3
beds",3,"1,799
sq.ft.","4604 S Woodlawn Avenue Chicago, IL 60653","$499,000"
"2
beds",2,"1,100
sq.ft.","257 East Delaware Place #7C Chicago, IL 60611","$450,000"
"4
beds",3,"2,320
sq.ft.","1310 N Mayfield Avenue Chicago, IL 60651","$429,900"
"3
beds",1,"1,000
sq.ft.","6933 W Berwyn Avenue Chicago, IL 60656","$424,999"
"2
beds",1,"1,100
sq.ft.","2617 W Leland Avenue 2 Chicago, IL 60625","$399,900"
"4
beds",4,"3,285
sq.ft.","8800 S Laflin Street Chicago, IL 60620","$380,000"
"3
beds",1,"864
sq.ft.","6949 W Montrose Avenue Harwood Heights, IL 60706","$360,000"
"2
beds",2,"980
sq.ft.","1069 W 14th Place 223 Chicago, IL 60608","$350,000"
"2
beds",2,"1,300
sq.ft.","8 W MONROE Street 1704 Chicago, IL 60603","$335,000"
"1
beds",1,"900
sq.ft.","1832 N Lincoln Avenue G1 Chicago, IL 60614","$330,000"
"2
beds",2,"1,000
sq.ft.","2434 W 47th Place Chicago, IL 60632","$325,000"
"3
beds",3,"1,800
sq.ft.","7832 S Evans Avenue Chicago, IL 60619","$320,000"
"2
beds",2,"1,080
sq.ft.","8 W Monroe Street 1007 Chicago, IL 60603","$315,000"
"3
beds",2,"849
sq.ft.","6858 S Kedvale Avenue Chicago, IL 60629","$299,900"
"1
beds",1,"800
sq.ft.","1212 N LaSalle Drive 802 Chicago, IL 60610","$280,000"
"3
beds",1,"1,400
sq.ft.","7501 S ABERDEEN Avenue Chicago, IL 60620","$275,000"
"3
beds",2,"1,311
sq.ft.","11549 S Kilbourn Avenue Alsip, IL 60803","$269,873"
"2
beds",2,"1,800
sq.ft.","5000 S Cornell Avenue 21B Chicago, IL 60615","$250,000"
"3
beds",2,"1,300
sq.ft.","2323 W Pershing Road 402 Chicago, IL 60609","$249,900"
"1
beds",1,"550
sq.ft.","1634 N Milwaukee Avenue 3F Chicago, IL 60647","$249,000"
"5
beds",2,"2,268
sq.ft.","7744 S Laflin Street Chicago, IL 60620","$249,000"
"2
beds",1,"980
sq.ft.","6587 N Northwest Highway 1 Chicago, IL 60631","$230,000"
"3
beds",1,"769
sq.ft.","12216 S Carpenter Street Chicago, IL 60643","$210,000"
"1
beds",1,"880
sq.ft.","850 N Dewitt Place 12G Chicago, IL 60611","$210,000"
"1
beds",1,"875
sq.ft.","230 E Ontario Street 2201 Chicago, IL 60611","$205,000"
"3
beds",1,"1,088
sq.ft.","4924 S Lorel Avenue Chicago, IL 60638","$200,000"
"3
beds",1,"1,134
sq.ft.","7047 S Winchester Avenue Chicago, IL 60636","$199,000"
"1
beds",1,"985
sq.ft.","1223 W Lunt Avenue 2A Chicago, IL 60626","$184,000"
"2
beds",1,"875
sq.ft.","4518 W Wellington Avenue 4518-2 Chicago, IL 60641","$169,000"
"3
beds",1,"1,240
sq.ft.","9134 S Marquette Avenue Chicago, IL 60617","$139,900"
"2
beds",1,"800
sq.ft.","1756 W 35TH Street 2R Chicago, IL 60609","$99,900"
"6
beds",2,"1,972
sq.ft.","220 N Lorel Avenue Chicago, IL 60644","$99,000"
"3
beds",1,"1,494
sq.ft.","12013 S Princeton Avenue Chicago, IL 60628","$74,900"
"4
beds",2,"2,403
sq.ft.","5847 S Nagle Avenue Chicago, IL 60638","$569,900"
"3
beds",2,"1,341
sq.ft.","1935 S Archer Avenue , 515 Chicago, IL 60616","$375,000"
"6
beds",4,"5,832
sq.ft.","4150 N Hermitage Avenue Chicago, IL 60613","$2,345,000"
"3
beds",3,"3,200
sq.ft.","123 W OAK Street G Chicago, IL 60610","$1,449,000"
"3
beds",2,"2,850
sq.ft.","161 E CHICAGO Avenue 33DE Chicago, IL 60611","$1,199,500"
"5
beds",3,"3,600
sq.ft.","4930 S Martin Luther King Drive Chicago, IL 60653","$949,000"
"4
beds",2,"2,500
sq.ft.","1308 W Addison Street 1E Chicago, IL 60613","$899,000"
"4
beds",3,"2,700
sq.ft.","2012 W Erie Street 1W Chicago, IL 60612","$875,000"
"3
beds",2,"1,700
sq.ft.","2414 N Sawyer Avenue 2D Chicago, IL 60647","$819,999"
"3
beds",2,"1,978
sq.ft.","4343 N Richmond Avenue 3N Chicago, IL 60618","$799,000"
"2
beds",2,"1,400
sq.ft.","130 N Garland Court 2307 Chicago, IL 60602","$699,000"
"2
beds",2,"1,159
sq.ft.","234 W Polk Street 2905 Chicago, IL 60607","$630,000"
"3
beds",4,"1,728
sq.ft.","7411 W Isham Avenue Chicago, IL 60631","$630,000"
"2
beds",2,"1,650
sq.ft.","777 N Michigan Avenue 3701 Chicago, IL 60611","$629,000"
"2
beds",2,"1,430
sq.ft.","990 N Lake Shore Drive 29B Chicago, IL 60611","$575,000"
"2
beds",2,"1,400
sq.ft.","3010 N SHEFFIELD Avenue 2N Chicago, IL 60657","$549,500"
"2
beds",2,"1,350
sq.ft.","2800 N Lake Shore Drive 2417 Chicago, IL 60657","$505,000"
"3
beds",3,"2,600
sq.ft.","5301 N Oriole Avenue Chicago, IL 60656","$499,900"
"3
beds",2,"1,800
sq.ft.","2020 W Farragut Avenue 2 Chicago, IL 60625","$495,000"
"2
beds",2,"1,272
sq.ft.","421 W Huron Street 1009 Chicago, IL 60654","$475,000"
"2
beds",2,"1,070
sq.ft.","3626 N Oriole Avenue Chicago, IL 60634","$450,000"
"2
beds",2,"1,550
sq.ft.","200 E Delaware Place 13F Chicago, IL 60610","$450,000"
"2
beds",2,"1,400
sq.ft.","1250 N Dearborn Street 6A Chicago, IL 60610","$449,900"
"3
beds",2,"1,900
sq.ft.","6342 N Sheridan Road 2B Chicago, IL 60660","$435,000"
